Date,tempmax,tempmin,temp,feelslikemax,feelslikemin,feelslike,humidity,precip,precipprob,windgust,windspeed,cloudcover,solarradiation,uvindex,rain,snow
2019-01-01,8.8,5.3,7.3,5.0,0.0,3.1,79.7,1.329,100,81.3,37.7,57.8,18.8,1,1,0
2019-01-02,7.0,0.3,5.1,3.4,-1.9,1.4,70.6,0.125,100,83.3,37.3,31.9,28.4,2,1,0
2019-01-03,6.1,0.1,3.2,3.3,-1.8,0.4,89.0,0.196,100,42.7,17.5,66.5,27.4,1,1,1
2019-01-04,7.0,0.2,5.1,3.6,-1.7,1.8,89.7,0.195,100,47.3,24.8,97.6,5.8,0,1,0
2019-01-05,8.0,7.1,7.6,4.2,2.8,3.7,94.5,1.353,100,59.7,34.2,95.6,7.3,0,1,0
2019-01-06,7.1,5.3,6.7,4.4,3.2,3.9,94.4,1.539,100,46.8,25.0,94.7,13.8,1,1,0
2019-01-07,9.0,4.4,6.9,5.5,1.8,3.6,93.8,1.515,100,60.2,35.1,95.1,6.0,0,1,0
2019-01-08,8.0,5.2,7.0,4.1,-0.2,2.0,79.0,5.078,100,97.7,49.8,78.9,14.9,1,1,0
2019-01-09,6.0,3.1,4.8,1.6,-0.5,0.5,73.0,2.991,100,82.8,33.3,33.9,28.7,2,1,0
2019-01-10,4.9,-0.8,2.5,3.7,-3.4,0.3,88.5,0.457,100,46.8,16.6,50.7,11.9,1,1,0
2019-01-11,8.0,4.1,6.9,4.6,0.9,3.7,94.7,0.902,100,47.3,27.6,98.0,12.7,1,1,0
2019-01-12,8.0,6.0,7.0,4.5,2.1,3.5,90.2,2.394,100,55.5,29.5,92.3,9.2,1,1,0
2019-01-13,9.7,7.0,8.2,5.6,2.4,4.3,89.9,9.929,100,83.8,43.2,91.2,6.0,0,1,0
2019-01-14,6.2,2.6,4.3,2.1,-1.5,0.0,77.9,1.199,100,78.7,34.5,46.0,20.4,1,1,0
2019-01-15,7.9,2.4,6.3,4.3,-1.5,2.3,87.3,0.27,100,56.6,30.6,85.4,10.9,1,1,0
2019-01-16,8.0,5.1,6.7,4.2,0.0,2.3,90.5,0.394,100,59.7,34.9,99.6,5.2,0,1,0
2019-01-17,4.9,1.3,3.4,0.7,-3.2,-0.9,87.8,3.113,100,70.4,30.2,56.8,14.4,1,1,1
2019-01-18,4.0,-2.8,0.3,0.4,-7.5,-3.2,85.9,0.844,100,70.4,16.9,28.0,24.5,2,1,1
2019-01-19,2.0,-3.6,-1.5,-0.8,-7.7,-4.7,84.3,0.0,0,22.1,11.8,3.4,39.8,2,0,0
2019-01-20,0.1,-6.5,-3.8,0.1,-10.1,-5.7,91.2,0.0,0,22.1,10.0,1.1,27.3,1,0,0
2019-01-21,2.1,-7.7,-2.4,-1.0,-10.4,-5.1,94.0,0.039,100,21.6,13.1,45.5,22.7,1,1,1
2019-01-22,0.2,-2.8,-1.4,-3.8,-8.6,-6.6,83.5,0.707,100,40.6,24.5,46.2,25.5,1,1,1
2019-01-23,-1.1,-5.1,-2.4,-4.5,-9.5,-6.1,90.4,1.785,100,36.0,15.5,99.5,6.5,0,1,1
2019-01-24,-4.0,-5.0,-4.7,-4.0,-9.1,-7.1,80.4,0.0,0,23.7,10.5,100.0,8.5,0,0,0
2019-01-25,3.0,-6.0,-3.3,-0.3,-11.8,-7.1,87.8,2.098,100,43.7,24.0,99.6,23.4,1,1,1
2019-01-26,6.9,3.1,5.9,3.4,-1.3,2.2,97.1,12.003,100,48.9,26.3,96.0,7.3,0,1,0
2019-01-27,6.8,3.9,5.6,3.5,-1.1,1.8,92.2,4.748,100,51.4,29.2,88.0,14.8,1,1,0
2019-01-28,4.7,0.6,3.2,2.5,-3.1,-0.9,90.6,3.592,100,66.3,35.1,80.6,13.9,1,1,1
2019-01-29,4.0,-0.5,1.2,-0.6,-4.8,-2.8,85.4,0.476,100,45.2,23.9,28.0,39.8,2,1,1
2019-01-30,1.9,-1.0,0.2,0.0,-4.1,-2.7,83.8,0.249,100,28.8,12.7,31.2,31.0,1,1,1
2019-01-31,1.0,-1.7,-0.2,-3.0,-5.4,-3.8,94.0,0.172,100,38.1,18.7,88.1,32.2,2,1,1
2019-02-01,0.9,-1.1,-0.2,-2.0,-6.7,-4.6,89.4,0.79,100,39.6,22.0,72.8,12.3,1,1,1
2019-02-02,2.0,-0.6,1.1,0.0,-4.1,-2.0,90.7,0.03,100,24.2,13.3,58.2,16.3,1,1,1
2019-02-03,5.9,-2.1,1.4,2.7,-6.1,-1.8,85.2,0.03,100,40.6,21.5,16.1,57.3,3,1,1
2019-02-04,3.0,-0.6,1.4,-2.5,-5.2,-3.9,88.2,0.789,100,63.8,34.7,47.8,17.1,1,1,0
2019-02-05,6.1,3.0,4.4,3.1,-2.0,0.6,94.1,0.138,100,58.6,24.3,97.5,32.3,2,1,0
2019-02-06,5.9,3.2,4.7,3.7,-1.4,1.0,92.7,2.204,100,45.8,25.9,85.6,12.4,1,1,0
2019-02-07,8.9,5.9,7.1,4.2,0.8,2.8,84.7,7.322,100,74.6,54.5,93.7,37.9,2,1,0
2019-02-08,9.0,5.0,7.2,4.9,0.7,3.0,89.0,0.815,100,69.4,38.2,96.9,10.1,0,1,0
2019-02-09,8.9,7.1,8.0,5.0,1.7,3.4,76.1,2.846,100,86.9,55.9,87.6,22.0,1,1,0
2019-02-10,7.8,4.0,6.0,5.2,-0.4,2.8,91.7,12.169,100,58.1,28.1,84.7,11.8,1,1,0
2019-02-11,7.0,3.4,5.5,3.0,0.1,1.5,77.8,1.315,100,59.7,33.2,71.3,59.4,3,1,0
2019-02-12,8.8,1.0,5.1,5.9,-2.8,1.9,86.3,0.06,100,46.8,23.2,43.4,48.0,2,1,1
2019-02-13,8.0,4.2,6.8,5.3,1.3,3.5,89.5,0.008,100,38.1,23.4,79.2,20.3,1,1,0
2019-02-14,11.5,1.5,4.9,11.5,-1.8,2.9,81.0,0.0,0,30.9,16.1,3.1,72.0,3,0,0
2019-02-15,14.6,-1.0,5.7,14.6,-3.9,4.4,70.3,0.0,0,25.2,12.3,0.0,73.6,4,0,0
2019-02-16,12.7,3.2,7.8,12.7,-0.4,5.9,75.5,0.0,0,32.4,21.1,28.1,71.3,3,0,0
2019-02-17,14.6,1.8,7.7,14.6,0.0,6.3,75.2,0.0,0,29.3,17.1,3.0,70.5,3,0,0
2019-02-18,13.8,3.2,7.8,13.8,0.9,6.4,75.1,0.0,0,28.8,20.1,12.9,73.1,3,0,0
2019-02-19,8.0,4.4,6.7,4.5,0.5,3.3,90.5,1.385,100,47.3,24.6,84.9,27.5,1,1,0
2019-02-20,10.0,5.2,7.5,7.3,1.8,4.5,81.9,0.0,0,40.1,26.2,64.0,45.2,2,0,0
2019-02-21,9.0,5.2,7.5,6.8,1.8,4.8,91.3,0.505,100,41.1,21.9,62.9,28.6,2,1,0
2019-02-22,9.7,6.2,8.3,8.4,3.7,7.0,93.0,0.437,100,25.7,14.6,91.6,43.1,3,1,0
2019-02-23,10.8,1.2,5.2,10.8,-2.3,2.9,82.9,0.0,0,31.4,15.8,19.6,75.2,4,0,0
2019-02-24,13.4,-2.1,4.7,13.4,-4.4,4.0,71.7,0.0,0,25.7,9.3,1.3,89.2,4,0,0
2019-02-25,16.3,-2.2,5.4,16.3,-4.3,5.3,69.7,0.0,0,21.1,5.9,1.5,86.0,4,0,0
2019-02-26,17.9,-2.0,6.3,17.9,-2.3,6.1,65.3,0.0,0,18.0,5.9,2.6,91.0,5,0,0
2019-02-27,17.7,-0.5,7.2,17.7,-0.5,6.8,69.9,0.0,0,21.6,14.8,0.4,96.1,5,0,0
2019-02-28,10.1,2.5,5.9,10.1,-0.6,4.1,93.4,0.033,100,23.7,21.9,50.9,44.3,2,1,0
2019-03-01,7.8,5.0,6.1,7.8,1.2,3.5,82.1,0.132,100,40.1,22.5,98.4,45.4,2,1,0
2019-03-02,11.6,0.8,6.7,11.6,-1.2,4.7,82.8,0.008,100,50.9,30.3,86.3,57.1,3,1,0
2019-03-03,11.0,9.0,10.1,11.0,5.0,7.9,90.8,14.11,100,61.2,36.9,87.6,16.6,1,1,0
2019-03-04,11.8,6.1,8.3,11.8,0.9,5.0,81.1,5.842,100,79.7,44.5,82.7,30.0,1,1,0
2019-03-05,9.8,4.2,6.6,6.6,0.4,2.6,77.4,1.226,100,70.5,32.6,62.4,67.6,2,1,0
2019-03-06,11.0,4.1,8.3,11.0,1.0,6.2,84.5,1.346,100,48.9,29.8,57.5,30.6,2,1,0
2019-03-07,10.8,6.3,9.0,10.8,1.0,5.7,82.6,8.518,100,75.1,51.3,77.7,52.1,3,1,0
2019-03-08,8.8,6.0,7.0,5.4,1.3,3.1,75.8,9.595,100,77.7,41.8,68.8,72.5,3,1,0
2019-03-09,9.8,5.2,7.1,5.5,0.8,2.7,80.7,3.525,100,94.1,47.9,62.0,59.6,3,1,0
2019-03-10,6.2,1.4,4.3,5.2,-2.7,1.1,87.8,11.341,100,56.6,25.6,81.6,19.7,1,1,1
2019-03-11,6.7,2.4,4.5,2.0,-2.5,0.0,84.7,9.802,100,81.8,42.5,78.5,37.6,2,1,0
2019-03-12,8.8,1.7,5.5,4.8,-2.1,1.1,79.7,1.524,100,75.6,40.9,67.9,42.2,2,1,1
2019-03-13,7.9,5.0,6.4,3.4,-0.3,1.4,85.6,17.858,100,75.6,47.0,82.4,36.0,2,1,0
2019-03-14,8.0,6.0,6.9,3.8,0.9,2.6,87.9,13.701,100,72.5,40.4,78.3,21.7,1,1,0
2019-03-15,11.7,6.0,8.0,11.7,2.3,5.0,80.6,0.999,100,82.8,47.7,41.5,50.4,3,1,0
2019-03-16,10.8,5.1,8.2,10.8,2.0,6.1,80.0,6.018,100,86.9,53.8,88.1,20.6,1,1,0
2019-03-17,10.1,5.1,7.0,10.1,0.2,3.1,77.4,3.22,100,86.9,45.9,59.0,108.1,5,1,0
2019-03-18,8.0,2.7,5.6,3.8,-0.6,1.6,78.0,2.15,100,73.0,32.5,36.7,106.8,5,1,0
2019-03-19,10.6,0.2,5.5,10.6,-3.3,3.4,77.7,0.012,100,40.1,13.1,28.2,117.8,6,1,1
2019-03-20,10.9,4.4,7.8,10.9,1.3,5.5,90.6,0.023,100,32.4,20.3,69.6,28.2,1,1,0
2019-03-21,11.0,7.3,9.1,11.0,4.9,7.8,90.6,0.0,0,36.0,24.8,95.8,38.1,2,0,0
2019-03-22,17.7,7.0,10.5,17.7,4.2,9.8,84.5,0.0,0,32.9,15.7,58.1,100.2,5,0,0
2019-03-23,10.7,3.5,6.8,10.7,1.6,5.0,88.8,0.0,0,36.5,18.9,56.3,63.3,4,0,0
2019-03-24,9.9,2.5,5.8,7.6,0.4,4.1,81.0,0.0,0,38.6,21.0,24.3,118.7,6,0,0
2019-03-25,8.7,3.6,6.4,4.5,-0.2,2.2,80.7,3.751,100,77.6,39.3,86.8,80.8,3,1,0
2019-03-27,10.9,2.9,7.5,10.9,0.2,5.9,86.8,0.005,100,30.3,18.9,39.2,90.6,4,1,0
2019-03-28,11.9,6.3,9.3,11.9,4.9,8.9,85.3,0.0,0,21.6,9.3,99.6,82.5,3,0,0
2019-03-29,14.5,4.8,9.9,14.5,4.5,9.4,78.7,0.0,0,24.7,19.1,22.9,158.5,7,0,0
2019-03-30,17.4,2.4,9.4,17.4,2.4,9.0,81.6,0.0,0,33.9,18.4,4.7,146.8,6,0,0
2019-03-31,9.8,1.6,6.9,7.2,-1.6,3.9,71.8,0.0,0,41.7,24.6,43.2,166.6,7,0,0
2019-07-24,35.7,19.1,27.2,35.2,19.1,27.1,57.1,0.006,100,30.9,18.5,1.8,240.7,8,1,0
2019-07-30,29.3,14.2,21.2,28.4,14.2,21.1,66.9,0.016,100,44.2,29.9,13.9,229.4,8,1,0
2019-07-31,23.8,15.9,18.5,23.8,15.9,18.5,78.2,0.217,100,53.0,28.6,19.8,168.3,7,1,0
2019-08-01,22.6,13.5,17.7,22.6,13.5,17.7,82.6,5.904,100,36.5,20.1,39.2,135.4,5,1,0
2019-08-02,22.6,15.0,18.4,22.6,15.0,18.4,82.3,4.157,100,41.7,23.2,52.0,137.9,6,1,0
2019-08-03,20.0,14.9,18.0,20.0,14.9,18.0,77.8,0.0,0,36.5,19.4,91.7,85.6,3,0,0
2019-08-04,22.8,11.4,17.8,22.8,11.4,17.8,77.3,0.0,0,27.8,12.3,47.5,118.7,4,0,0
2019-08-05,24.6,16.1,19.7,24.6,16.1,19.7,73.7,0.068,100,43.2,24.4,26.7,131.5,6,1,0
2019-08-06,23.5,14.5,19.0,23.5,14.5,19.0,73.9,0.0,0,41.7,23.2,26.7,164.9,6,0,0
2019-08-07,22.6,15.3,18.5,22.6,15.3,18.5,75.5,2.518,100,47.3,26.5,37.9,154.9,7,1,0
2019-08-08,22.8,14.5,18.9,22.8,14.5,18.9,71.4,0.138,100,52.5,30.3,21.9,186.2,7,1,0
2019-08-09,20.9,10.5,16.5,20.9,10.5,16.5,91.6,5.329,100,40.1,15.2,29.4,48.3,1,1,0
2019-08-10,23.7,18.1,20.5,23.7,18.1,20.5,71.4,0.452,100,85.4,45.7,34.7,107.9,4,1,0
2019-08-11,22.0,15.2,18.7,22.0,15.2,18.7,66.1,0.0,0,67.9,31.5,31.0,137.9,4,0,0
2019-08-12,20.7,13.3,17.1,20.7,13.3,17.1,74.3,1.179,100,40.3,23.7,34.2,121.5,6,1,0
2019-08-13,17.9,11.4,14.1,17.9,11.4,14.1,82.7,10.842,100,41.7,16.7,42.1,124.5,6,1,0
2019-08-14,21.3,8.8,15.2,21.3,7.6,14.8,76.1,0.3,100,38.1,22.1,12.1,162.3,6,1,0
2019-08-15,19.8,14.1,17.0,19.8,14.1,17.0,87.0,8.569,100,50.4,26.1,72.9,91.5,4,1,0
2019-08-16,21.7,13.7,17.9,21.7,13.7,17.9,73.8,0.13,100,44.2,22.9,40.5,151.6,6,1,0
2019-08-17,22.6,16.1,18.0,22.6,16.1,18.0,86.9,2.463,100,45.8,29.1,60.8,82.0,5,1,0
2019-08-18,19.7,14.5,16.7,19.7,14.5,16.7,86.5,0.274,100,40.6,20.1,51.4,64.3,3,1,0
2019-08-19,21.6,13.3,16.9,21.6,13.3,16.9,74.7,0.145,100,50.4,34.3,28.8,167.2,6,1,0
2019-08-20,20.7,11.8,16.3,20.7,11.8,16.3,74.4,0.748,100,41.7,22.7,12.0,163.3,7,1,0
2019-08-21,21.0,8.9,15.4,21.0,7.8,15.3,75.5,0.005,100,31.9,16.5,9.1,176.1,7,1,0
2019-08-22,24.7,8.9,17.2,24.7,8.9,17.2,69.5,0.0,0,39.1,24.4,2.0,191.5,7,0,0
2019-08-23,24.6,9.8,17.7,24.6,9.4,17.6,76.9,0.0,0,23.7,14.2,17.2,162.0,6,0,0
2019-08-24,28.9,14.1,21.1,27.8,14.1,20.9,65.8,0.0,0,30.3,15.4,0.2,193.1,7,0,0
2019-08-25,30.4,13.7,22.0,29.7,13.7,21.8,64.6,0.0,0,30.3,12.7,1.2,191.7,7,0,0
2019-08-26,30.3,13.8,22.2,30.0,13.8,22.1,69.4,0.0,0,28.3,17.0,0.0,180.0,7,0,0
2019-08-27,32.4,17.5,24.8,32.2,17.5,24.7,65.5,0.0,0,27.3,14.4,0.4,178.1,7,0,0
2019-08-28,30.6,17.5,23.8,31.5,17.5,23.9,70.9,0.0,0,36.0,21.2,7.0,173.3,7,0,0
2019-08-29,24.4,14.8,20.3,24.4,14.8,20.3,79.1,0.564,100,40.3,22.7,50.4,162.2,7,1,0
2019-08-30,24.5,11.5,17.8,24.5,11.5,17.8,74.1,0.075,100,36.0,21.9,6.1,168.9,7,1,0
2019-08-31,29.3,10.9,20.0,28.0,10.9,19.8,67.9,0.601,100,40.6,26.4,9.9,174.2,7,1,0
2019-09-01,19.6,10.1,16.4,19.6,10.1,16.4,76.7,7.779,100,51.9,21.4,36.3,115.8,6,1,0
2019-09-02,19.6,9.0,14.4,19.6,7.5,14.1,74.0,0.169,100,40.1,20.4,20.6,125.9,5,1,0
2019-09-03,18.9,14.3,16.7,18.9,14.3,16.7,77.3,1.502,100,46.8,25.1,81.5,58.5,2,1,0
2019-09-04,19.6,11.7,15.5,19.6,11.7,15.5,85.7,2.106,100,52.5,28.9,55.9,70.2,4,1,0
2019-09-05,16.8,10.6,13.9,16.8,10.6,13.9,77.5,3.379,100,62.7,28.8,24.5,104.8,5,1,0
2019-09-06,16.9,8.2,12.9,16.9,6.7,12.6,80.3,3.427,100,55.0,29.4,51.8,63.2,3,1,0
2019-09-07,17.7,8.1,13.4,17.7,6.7,13.1,85.9,7.369,100,47.3,20.6,33.5,110.5,5,1,0
2019-09-08,17.7,11.2,14.1,17.7,11.2,14.1,80.9,19.274,100,47.3,12.3,61.2,90.0,6,1,0
2019-09-09,17.8,6.6,12.6,17.8,6.6,12.6,81.2,0.01,100,31.4,17.0,24.1,122.1,5,1,0
2019-09-10,18.7,5.5,12.2,18.7,5.5,12.1,81.3,0.005,100,33.4,17.2,25.5,121.5,5,1,0
2019-09-11,16.1,9.6,13.6,16.1,8.9,13.5,92.9,5.215,100,54.0,32.6,50.0,37.4,1,1,0
2019-09-12,21.6,13.4,17.2,21.6,13.4,17.2,80.1,5.505,100,40.1,23.9,57.3,142.5,6,1,0
2019-09-13,19.0,9.9,16.8,19.0,9.9,16.8,73.5,0.064,100,43.7,24.5,47.9,137.1,6,1,0
2019-09-14,18.8,6.7,12.4,18.8,6.7,12.4,79.6,0.0,0,56.0,10.6,15.7,129.1,5,0,0
2019-09-15,19.6,9.0,14.3,19.6,8.1,14.2,79.7,0.0,0,43.7,23.8,32.4,64.3,3,0,0
2019-09-16,16.9,10.0,13.5,16.9,8.7,13.5,82.4,0.26,100,32.4,18.6,58.1,64.4,2,1,0
2019-09-17,16.3,8.3,12.5,16.3,6.4,12.2,73.2,0.251,100,72.5,35.5,52.4,92.3,4,1,0
2019-09-18,15.7,6.7,11.8,15.7,5.0,11.2,72.4,0.18,100,49.9,21.9,50.7,120.5,5,1,0
2019-09-19,16.7,4.7,10.6,16.7,4.7,10.5,73.0,0.005,100,33.4,13.4,36.0,128.8,5,1,0
2019-09-20,16.0,4.9,10.6,16.0,4.9,10.5,85.2,0.0,0,21.6,9.7,52.0,57.6,2,0,0
2019-09-21,21.8,7.4,13.9,21.8,6.5,13.6,73.1,0.0,0,32.4,17.2,0.8,152.6,6,0,0
2019-09-22,24.9,10.1,17.1,24.9,10.1,17.1,63.8,0.0,0,32.4,16.2,1.9,139.9,5,0,0
2019-09-23,19.8,13.3,16.6,19.8,13.3,16.6,88.6,3.691,100,28.8,14.9,57.3,46.6,2,1,0
2019-09-24,19.1,11.4,15.0,19.1,11.4,15.0,85.5,0.575,100,38.1,21.2,36.3,58.4,2,1,0
2019-09-25,17.0,13.2,15.0,17.0,13.2,15.0,89.8,6.722,100,32.9,14.9,91.2,44.5,2,1,0
2019-09-26,17.0,14.1,15.8,17.0,14.1,15.8,93.5,2.206,100,40.1,22.8,92.8,27.4,1,1,0
2019-09-27,17.9,13.4,15.3,17.9,13.4,15.3,86.2,7.376,100,51.9,28.7,74.2,77.0,5,1,0
2019-09-28,17.1,12.5,14.5,17.1,12.5,14.5,88.6,12.007,100,64.8,32.0,75.3,67.3,3,1,0
2019-09-29,15.9,13.0,14.3,15.9,13.0,14.3,94.5,25.472,100,52.5,28.6,82.0,16.6,1,1,0
2019-09-30,16.6,11.5,14.2,16.6,11.5,14.2,83.7,11.5,100,89.0,43.2,49.3,96.2,4,1,0
2019-10-01,17.4,11.1,13.1,17.4,11.1,13.1,90.8,14.528,100,46.8,30.2,91.9,31.3,2,1,0
2019-10-02,13.7,7.7,10.8,13.7,5.9,10.4,78.8,2.646,100,64.8,26.3,47.9,96.7,4,1,0
2019-10-03,15.7,7.7,11.6,15.7,6.2,11.2,86.5,3.224,100,55.5,20.7,40.7,98.7,5,1,0
2019-10-04,10.1,8.2,9.4,10.1,6.0,7.8,91.3,2.94,100,40.1,20.1,60.3,25.2,1,1,0
2019-10-05,13.0,3.2,9.1,13.0,2.6,8.4,84.7,0.0,0,36.5,15.5,12.4,94.8,5,0,0
2019-10-06,10.1,7.1,8.8,10.1,4.5,6.6,82.6,0.0,0,47.3,24.2,17.0,36.0,1,0,0
2019-10-07,12.8,3.2,8.4,12.8,-0.1,6.8,80.6,0.0,0,39.6,18.7,27.2,87.3,3,0,0
2019-10-08,16.6,11.0,13.0,16.6,11.0,13.0,88.8,1.852,100,44.7,22.5,66.8,54.5,3,1,0
2019-10-09,12.9,9.2,10.6,12.9,6.9,10.3,91.8,7.465,100,47.8,25.9,52.6,34.5,2,1,0
2019-10-10,14.5,9.0,11.0,14.5,5.8,9.9,86.6,4.425,100,56.1,27.3,45.2,71.6,4,1,0
2019-10-11,15.0,12.9,13.8,15.0,12.9,13.8,90.0,3.806,100,71.5,41.7,92.8,17.3,1,1,0
2019-10-12,15.0,10.2,12.2,15.0,10.2,12.2,94.0,9.594,100,65.3,35.3,84.0,32.5,1,1,0
2019-10-13,19.8,11.0,14.8,19.8,11.0,14.8,92.7,2.954,100,60.2,36.1,64.3,27.4,1,1,0
2019-10-14,15.1,10.8,13.4,15.1,10.8,13.4,89.1,0.904,100,60.2,27.5,17.6,29.5,1,1,0
2019-10-15,17.0,11.5,14.8,17.0,11.5,14.8,90.6,0.543,100,38.1,17.9,32.2,42.6,2,1,0
2019-10-16,15.1,12.0,13.3,15.1,12.0,13.3,92.8,5.808,100,37.5,21.7,87.1,49.0,4,1,0
2019-10-17,15.8,11.3,13.6,15.8,11.3,13.6,89.0,8.4,100,34.5,19.7,60.2,65.8,4,1,0
2019-10-18,15.8,11.1,12.5,15.8,11.1,12.5,86.7,2.307,100,67.9,39.3,62.1,31.7,1,1,0
2019-10-19,13.9,10.0,11.5,13.9,10.0,11.5,84.1,0.276,100,45.3,22.8,27.1,40.4,2,1,0
2019-10-20,13.0,8.2,10.7,13.0,6.6,10.4,94.4,0.0,0,25.2,14.2,4.9,39.0,1,0,0
2019-10-21,15.6,10.4,12.2,15.6,10.4,12.2,90.9,3.029,100,43.2,19.2,75.0,17.0,1,1,0
2019-10-22,14.1,9.6,11.9,14.1,9.2,11.9,92.1,0.003,100,27.3,16.5,94.0,40.4,3,1,0
2019-10-23,13.9,4.8,9.8,13.9,3.5,9.7,92.8,0.0,0,25.7,14.4,18.0,41.5,2,0,0
2019-10-24,16.9,11.0,13.6,16.9,11.0,13.6,90.2,0.0,0,52.9,27.7,13.9,39.1,2,0,0
2019-10-25,14.8,11.3,13.2,14.8,11.3,13.2,86.3,0.639,100,65.3,28.5,78.5,24.6,1,1,0
2019-10-26,17.8,14.7,15.8,17.8,14.7,15.8,76.6,0.036,100,72.0,37.6,78.6,32.0,2,1,0
2019-10-27,15.0,7.7,10.2,15.0,5.0,9.0,78.2,3.202,100,59.7,34.0,36.6,44.9,2,1,0
2019-10-28,12.0,4.6,8.4,12.0,4.0,7.3,82.6,0.494,100,50.9,17.7,24.7,50.5,3,1,0
2019-10-29,10.8,1.1,5.3,10.8,-0.2,4.3,86.6,0.106,100,31.9,17.1,14.8,59.0,4,1,1
2019-10-30,9.1,-1.1,3.7,7.1,-4.5,1.3,82.3,0.0,0,27.3,14.1,0.0,56.5,4,0,0
2019-10-31,8.1,-1.4,2.8,5.7,-4.8,-0.1,82.5,0.0,0,28.8,16.8,0.0,55.2,3,0,0
2019-11-01,9.8,0.2,4.1,8.0,-3.8,1.1,91.2,0.691,100,32.9,16.0,62.8,15.3,1,1,0
2019-11-02,14.0,10.7,12.3,14.0,10.7,12.3,87.9,9.564,100,68.4,37.2,73.6,35.3,2,1,0
2019-11-03,12.0,9.1,10.7,12.0,7.2,10.5,88.4,4.155,100,50.9,25.3,69.0,31.5,2,1,0
2019-11-04,11.9,8.2,10.2,11.9,5.6,9.6,95.0,6.346,100,33.4,19.1,86.3,25.0,1,1,0
2019-11-05,10.9,9.0,9.7,10.9,7.3,9.2,95.8,0.868,100,29.8,11.4,96.0,13.6,1,1,0
2019-11-06,9.0,3.3,7.2,7.5,1.9,5.9,89.4,2.143,100,30.9,12.3,72.1,30.8,2,1,0
2019-11-07,8.8,2.4,6.1,6.3,1.5,3.8,93.4,3.803,100,37.8,20.7,53.8,19.1,1,1,0
2019-11-08,9.8,0.8,5.2,8.4,0.3,3.3,90.0,3.919,100,42.6,16.0,1.7,40.3,2,1,0
2019-11-09,7.1,-0.3,4.0,3.9,-2.7,1.1,94.6,2.488,100,39.1,26.6,61.3,14.8,1,1,0
2019-11-10,9.0,2.7,5.5,6.3,0.3,2.4,87.2,0.552,100,39.1,20.1,33.3,35.0,2,1,0
2019-11-11,7.0,1.4,4.5,3.4,-2.4,0.7,89.1,0.091,100,48.9,29.8,72.5,15.8,1,1,0
2019-11-12,6.0,4.0,5.0,2.2,-1.3,0.8,87.4,3.746,100,54.0,34.0,62.5,15.2,1,1,0
2019-11-13,9.7,3.9,5.7,6.7,-1.3,1.9,89.9,1.577,100,56.6,31.7,58.6,27.6,2,1,0
2019-11-14,6.9,2.2,4.4,4.0,-0.8,1.6,89.0,0.018,100,36.0,15.6,6.7,27.4,2,1,0
2019-11-15,5.1,2.7,4.0,2.9,-1.8,0.2,92.3,0.0,0,47.8,28.5,62.7,6.5,0,0,0
2019-11-16,6.1,1.8,4.4,2.7,0.2,1.6,91.0,0.519,100,39.6,22.2,53.5,8.2,0,1,0
2019-11-17,6.0,-0.2,3.8,4.9,-2.1,1.7,89.6,0.05,100,39.6,16.4,24.2,28.6,2,1,0
2019-11-18,8.1,6.1,7.3,5.7,2.2,4.2,91.7,4.486,100,47.8,22.4,92.4,4.3,0,1,0
2019-11-19,8.8,0.0,5.5,6.5,-2.6,2.9,87.8,8.115,100,46.3,20.0,31.6,27.4,1,1,1
2019-11-20,1.5,-2.0,-0.4,1.5,-4.0,-1.6,98.5,0.005,100,18.0,9.7,77.0,20.7,1,1,1
2019-11-21,4.2,-0.8,2.0,1.9,-4.8,-1.2,97.7,0.0,0,28.8,13.8,92.8,8.1,0,0,0
2019-11-22,8.9,2.2,4.7,6.6,-0.8,2.0,94.9,0.178,100,32.4,17.1,44.5,20.0,1,1,0
2019-11-23,8.2,4.1,6.3,4.9,-0.3,2.5,89.3,0.0,0,50.4,27.0,63.2,25.7,2,0,0
2019-11-24,7.0,4.4,6.0,4.9,2.4,3.4,90.9,0.0,0,47.3,19.3,64.5,12.7,1,0,0
2019-11-25,7.0,5.1,5.9,5.9,3.2,4.3,97.4,0.0,0,27.3,12.8,96.2,9.8,0,0,0
2019-11-26,9.9,3.6,7.6,7.9,1.4,5.4,96.7,0.135,100,30.3,17.5,86.3,6.6,0,1,0
2019-11-27,11.0,9.0,9.8,11.0,6.4,8.1,92.1,1.55,100,39.6,21.5,90.0,10.4,1,1,0
2019-11-28,10.7,7.2,9.2,10.7,4.0,6.2,90.8,11.934,100,61.2,31.1,95.2,8.9,1,1,0
2019-11-30,7.9,-1.6,2.1,6.4,-3.2,0.3,91.8,0.259,100,43.2,12.4,24.8,27.7,2,1,1
2019-12-01,5.2,-1.7,1.1,5.2,-4.0,0.5,96.1,0.098,100,18.5,9.8,68.3,16.7,1,1,1
2019-12-02,8.1,0.5,4.6,5.3,-3.4,2.0,91.6,1.211,100,41.7,17.5,64.2,29.9,2,1,1
2019-12-03,8.0,2.0,5.6,5.1,-0.9,2.8,93.1,0.16,100,32.9,20.6,75.8,23.5,2,1,0
2019-12-04,7.0,0.7,3.9,5.0,-1.4,0.9,92.9,0.0,0,34.5,18.1,52.1,34.1,2,0,0
2019-12-05,5.0,-1.7,1.5,-0.1,-4.2,-2.6,96.8,0.032,100,62.2,38.9,49.3,12.8,1,1,0
2019-12-06,8.8,5.1,6.8,4.8,-0.5,2.0,94.4,3.003,100,69.9,41.8,97.2,3.4,0,1,0
2019-12-07,9.8,8.0,8.9,7.0,4.3,5.8,89.1,4.575,100,58.1,26.8,94.6,11.6,1,1,0
2019-12-08,10.8,6.3,8.7,10.8,2.1,4.7,84.5,5.265,100,71.6,45.5,76.7,10.2,1,1,0
2019-12-09,7.9,5.2,6.3,4.2,1.3,2.4,81.1,5.124,100,70.5,28.7,50.1,19.6,2,1,0
2019-12-10,6.8,1.1,4.6,2.7,-2.4,0.6,77.3,0.018,100,71.0,39.2,24.1,30.3,2,1,0
2019-12-11,7.0,4.2,5.9,5.0,0.6,2.6,92.9,0.551,100,74.1,36.4,92.4,10.1,1,1,0
2019-12-12,5.8,3.0,4.4,2.8,-2.1,0.4,88.4,0.16,100,48.9,26.7,61.2,27.4,2,1,0
2019-12-13,4.9,2.1,3.3,2.8,-2.6,-0.3,86.6,0.858,100,51.4,28.0,90.7,7.5,0,1,0
2019-12-14,6.9,3.5,5.2,2.5,-1.1,0.7,85.4,2.932,100,69.6,35.0,75.6,14.9,1,1,0
2019-12-15,8.8,3.2,6.3,4.6,-0.8,1.8,80.7,2.958,100,73.7,44.4,41.3,21.8,1,1,0
2019-12-16,8.0,4.2,6.2,5.3,0.3,3.1,89.7,0.257,100,49.1,24.0,27.9,12.8,1,1,0
2019-12-17,12.6,6.0,9.1,12.6,3.7,7.7,89.6,2.112,100,42.7,26.0,59.5,11.0,1,1,0
2019-12-18,7.9,4.8,6.0,5.1,1.9,3.2,92.3,1.629,100,51.9,18.6,47.3,13.9,1,1,0
2019-12-19,12.8,4.9,9.0,12.8,1.7,7.6,82.8,0.0,0,40.3,22.3,3.3,26.1,1,0,0
2019-12-20,12.0,8.1,10.2,12.0,4.6,8.8,76.1,0.097,100,61.7,34.1,32.5,11.3,1,1,0
2019-12-21,8.8,5.9,7.7,5.5,3.0,4.6,82.5,0.017,100,47.8,27.3,74.7,15.3,1,1,0
2019-12-22,8.0,5.9,7.1,6.9,2.9,4.8,91.9,0.774,100,39.6,22.1,83.6,6.7,0,1,0
2019-12-23,8.9,7.1,7.6,5.5,3.7,4.5,88.9,0.36,100,43.2,24.7,94.7,13.6,1,1,0
2019-12-24,7.7,5.3,6.6,5.6,1.8,3.9,94.8,5.565,100,34.5,20.5,88.6,4.2,0,1,0
2019-12-25,8.0,2.8,5.9,5.6,-0.3,3.7,93.5,2.404,100,36.5,15.6,70.6,16.4,1,1,0
2019-12-26,6.9,3.9,5.1,5.4,1.3,3.7,92.5,0.111,100,22.1,10.7,74.7,18.7,1,1,0
2019-12-27,4.8,0.3,2.6,2.2,-2.4,-0.6,90.0,0.0,0,32.9,16.4,33.5,25.8,1,0,0
2019-12-28,1.1,-1.7,-0.3,-0.7,-4.5,-3.0,92.0,0.0,0,29.3,12.6,3.9,19.3,1,0,0
2019-12-29,3.1,-0.8,1.3,-0.5,-4.7,-2.4,82.3,0.0,0,36.5,18.9,3.9,16.1,1,0,0
2019-12-30,7.7,4.0,4.9,4.1,-0.7,0.8,66.3,0.0,0,41.7,27.2,6.0,30.8,2,0,0
2019-12-31,8.0,-1.2,4.0,5.7,-1.8,2.2,94.2,0.0,0,35.0,17.0,43.8,28.8,2,0,0
2020-01-01,0.9,-0.7,0.3,-0.8,-5.0,-3.3,98.6,0.0,0,34.5,17.8,93.8,10.2,0,0,0
2020-01-02,5.1,-0.6,1.6,0.6,-5.4,-2.9,97.5,0.075,100,41.7,26.2,99.6,6.4,0,1,0
2020-01-03,8.8,3.5,7.0,6.5,0.1,3.5,91.9,8.134,100,56.6,30.6,77.5,5.0,0,1,0
2020-01-04,7.9,2.4,5.3,4.3,-0.3,1.9,88.7,0.463,100,54.0,28.0,60.6,7.2,0,1,0
2020-01-05,7.0,-0.1,4.7,4.2,-2.9,1.8,94.8,0.014,100,35.0,21.9,83.4,7.4,0,1,0
2020-01-06,6.8,3.8,5.4,3.5,-0.1,2.0,88.6,0.005,100,38.1,20.7,79.4,5.7,0,1,0
2020-01-07,7.9,2.7,6.2,4.7,-0.2,2.7,92.0,0.181,100,56.6,28.2,44.1,30.3,2,1,0
2020-01-08,10.9,7.9,9.4,10.9,3.5,7.8,93.3,1.692,100,63.8,35.8,94.8,13.3,1,1,0
2020-01-09,11.9,7.9,10.5,11.9,6.3,9.9,96.1,1.025,100,56.1,34.5,96.4,4.9,0,1,0
2020-01-10,11.8,2.5,7.3,11.8,-0.3,4.7,89.2,2.091,100,49.4,27.8,73.5,11.0,1,1,0
2020-01-11,7.0,0.8,4.5,2.7,-2.5,0.3,87.0,0.0,0,62.2,34.3,44.0,15.8,1,0,0
2020-01-12,8.9,5.1,6.9,5.4,0.2,2.8,86.7,3.885,100,63.8,33.5,93.8,5.3,0,1,0
2020-01-13,7.9,3.5,6.0,4.8,0.0,2.6,90.3,0.031,100,62.7,30.7,69.7,17.4,1,1,0
2020-01-14,12.0,8.1,9.8,12.0,4.5,6.9,86.5,9.089,100,75.1,43.7,94.0,21.7,2,1,0
2020-01-15,12.7,5.3,9.8,12.7,1.4,8.6,82.6,3.854,100,76.6,44.7,68.2,5.9,0,1,0
2020-01-16,8.9,4.2,6.5,6.6,0.6,3.4,89.6,0.003,100,44.2,22.6,15.6,26.8,1,1,0
2020-01-17,9.0,6.1,8.2,6.4,1.4,5.2,84.5,0.382,100,57.6,32.3,50.6,12.8,1,1,0
2020-01-18,6.8,2.6,4.3,3.5,-1.5,0.6,88.3,2.501,100,59.7,30.6,53.7,23.1,2,1,0
2020-01-19,8.0,1.8,4.4,5.9,-1.7,1.8,87.8,3.794,100,51.4,21.1,52.6,34.1,2,1,1
2020-01-20,7.0,0.2,3.6,4.5,-2.6,1.0,94.9,0.0,0,27.3,14.4,2.8,19.8,1,0,0
2020-01-21,6.7,1.5,3.7,3.8,-2.0,0.2,95.2,0.0,0,34.5,18.3,74.1,21.2,2,0,0
2020-01-22,8.0,0.9,5.2,5.7,-0.1,3.2,94.5,0.301,100,27.8,14.9,92.8,20.5,1,1,0
2020-01-23,4.8,0.3,2.1,2.9,-0.9,1.0,98.1,0.003,100,19.5,10.6,86.9,19.4,1,1,1
2020-01-24,3.9,2.1,2.6,0.6,-2.2,-0.9,95.4,0.103,100,34.5,18.4,99.6,8.0,0,1,0
2020-01-25,3.1,2.1,2.9,-0.2,-2.3,-0.9,94.0,0.146,100,34.5,18.6,100.0,7.7,0,1,0
2020-01-26,6.8,0.5,3.5,3.8,-3.9,-0.1,94.2,0.0,0,35.0,17.4,59.8,25.4,1,0,0
2020-01-27,8.9,6.9,7.7,6.5,3.0,4.6,92.3,2.563,100,45.3,26.0,88.4,13.6,1,1,0
2020-01-28,6.9,3.1,5.0,3.8,-2.7,0.8,89.7,11.061,100,71.5,38.7,86.4,6.5,0,1,0
2020-01-29,6.9,4.1,5.0,2.8,-0.5,0.7,84.7,6.406,100,71.0,32.6,76.6,19.0,1,1,0
2020-01-30,9.8,5.1,8.0,6.0,0.7,4.0,86.9,0.377,100,59.7,37.7,92.0,21.0,1,1,0
2020-01-31,11.7,7.9,9.7,11.7,4.5,7.2,89.6,0.972,100,62.2,42.9,75.5,17.8,1,1,0
2020-02-01,11.7,9.0,10.4,11.7,5.0,9.1,84.2,4.464,100,65.3,38.5,79.7,19.9,1,1,0
2020-02-02,8.9,6.1,7.3,6.9,2.9,4.8,92.3,2.596,100,65.3,31.8,86.6,12.0,1,1,0
2020-02-03,9.8,6.2,8.4,6.6,3.2,5.0,83.7,1.026,100,60.2,34.6,66.3,20.0,1,1,0
2020-02-04,7.1,4.3,5.5,4.2,0.1,2.1,80.8,0.689,100,60.7,24.0,58.1,52.2,2,1,0
2020-02-05,7.1,-2.0,3.2,4.8,-4.5,0.9,84.6,0.0,0,42.2,17.1,37.8,53.0,3,0,0
2020-02-06,7.8,1.8,5.3,6.0,-2.1,3.1,86.9,0.0,0,26.7,14.7,87.1,26.6,1,0,0
2020-02-07,7.9,3.9,5.6,5.2,0.2,3.4,76.2,0.0,0,36.5,21.4,58.2,43.0,3,0,0
2020-02-08,8.9,2.1,5.4,6.3,-2.4,2.1,84.6,0.542,100,36.0,22.3,40.6,36.5,2,1,0
2020-02-09,10.9,7.0,9.2,10.9,3.3,6.5,82.2,5.044,100,103.4,56.7,79.3,12.8,1,1,0
2020-02-10,10.0,2.2,7.0,5.6,-1.5,2.3,76.8,8.819,100,101.3,49.0,74.2,30.1,2,1,0
2020-02-11,5.9,3.5,4.8,0.5,-3.2,-1.0,75.9,6.076,100,87.4,49.9,78.5,19.3,1,1,0
2020-02-12,6.1,4.0,5.1,1.2,-1.5,0.0,71.9,0.879,100,86.4,41.3,61.3,41.0,3,1,0
2020-02-13,5.8,1.4,3.9,4.6,-2.8,0.2,90.4,8.312,100,58.6,29.0,68.3,8.9,0,1,0
2020-02-14,7.0,4.9,5.8,5.8,1.9,3.3,86.1,1.129,100,41.7,24.2,82.1,33.6,1,1,0
2020-02-15,11.8,6.8,9.2,11.8,3.1,7.1,81.2,0.077,100,77.1,43.4,77.9,29.5,2,1,0
2020-02-16,13.6,8.0,11.3,13.6,3.6,10.3,85.1,20.713,100,85.4,50.1,92.4,9.7,0,1,0
2020-02-17,9.8,6.2,7.8,5.6,1.0,3.3,76.4,2.886,100,77.1,45.2,51.7,48.5,3,1,0
2020-02-18,8.7,5.2,7.0,4.7,0.5,2.7,77.3,2.446,100,66.9,36.5,80.2,52.8,3,1,0
2020-02-19,7.0,3.4,5.4,2.9,-0.1,1.4,82.1,7.602,100,67.9,34.9,70.0,29.9,1,1,0
2020-02-20,9.9,5.0,7.3,5.9,0.7,3.3,89.1,1.39,100,74.6,39.8,93.5,23.3,1,1,0
2020-02-21,8.1,4.4,6.8,4.0,0.4,2.4,78.6,3.329,100,74.6,42.5,79.9,43.9,2,1,0
2020-02-22,9.9,7.2,8.6,6.3,1.9,4.2,80.1,6.928,100,81.8,48.1,74.7,15.8,1,1,0
2020-02-23,8.4,5.1,6.5,6.1,0.6,3.0,85.6,14.33,100,71.0,39.8,69.2,16.3,1,1,0
2020-02-24,10.0,3.5,5.9,10.0,-0.5,2.5,90.0,20.873,100,68.9,42.0,64.3,8.3,0,1,0
2020-02-25,9.9,2.4,5.8,5.8,-0.8,1.5,78.7,1.519,100,74.1,43.9,66.7,59.6,4,1,0
2020-02-26,6.6,1.3,3.6,3.0,-1.6,0.4,89.4,2.983,100,47.8,21.5,64.8,50.0,3,1,1
2020-02-27,4.1,1.2,2.4,1.8,-3.2,-1.2,91.0,1.796,100,58.1,20.5,49.1,27.0,1,1,1
2020-02-28,6.9,0.9,3.6,3.1,-4.9,-0.6,84.1,1.548,100,62.7,36.9,31.7,58.7,2,1,1
2020-02-29,12.9,3.9,8.5,12.9,-1.1,5.3,82.4,14.732,100,84.3,41.2,63.6,61.0,3,1,0
2020-06-01,23.1,9.6,17.0,23.1,7.9,17.0,57.6,0.0,0,47.8,25.1,2.7,284.5,9,0,0
2020-06-02,26.4,12.8,19.6,26.4,12.8,19.6,55.7,0.0,0,33.9,17.7,3.6,281.8,8,0,0
2020-06-03,23.4,14.2,18.2,23.4,14.2,18.2,71.4,0.019,100,45.3,26.9,25.1,249.5,8,1,0
2020-06-04,14.8,10.3,13.0,14.8,10.3,13.0,88.2,4.071,100,48.3,23.0,72.4,45.4,2,1,0
2020-06-05,12.1,7.4,9.9,12.1,5.2,8.9,84.2,9.277,100,58.1,29.0,58.6,108.3,5,1,0
2020-06-06,14.4,6.5,10.9,14.4,3.8,9.9,72.8,2.194,100,64.3,34.2,36.4,167.3,7,1,0
2020-06-07,16.5,10.2,12.5,16.5,10.2,12.5,75.2,0.933,100,58.1,33.3,55.6,134.4,5,1,0
2020-06-08,18.3,9.5,13.5,18.3,9.0,13.5,79.3,0.086,100,38.1,19.5,68.2,171.8,8,1,0
2020-06-09,15.7,7.2,12.2,15.7,6.4,12.0,67.6,0.0,0,36.0,13.4,49.0,167.1,5,0,0
2020-06-10,16.7,6.2,12.3,16.7,6.2,12.2,80.0,0.0,0,31.4,16.1,14.2,114.0,5,0,0
2020-06-11,16.0,13.1,14.7,16.0,13.1,14.7,93.1,4.681,100,39.6,16.3,76.6,40.5,2,1,0
2020-06-12,24.3,15.0,19.2,24.3,15.0,19.2,81.3,0.42,100,41.1,25.3,68.2,211.2,8,1,0
2020-06-13,25.6,16.9,20.4,25.6,16.9,20.4,83.1,0.741,100,32.9,20.4,49.0,182.6,9,1,0
2020-06-14,23.2,17.0,19.2,23.2,17.0,19.2,90.4,8.698,100,29.3,14.9,54.7,140.7,7,1,0
2020-06-15,20.5,16.1,17.6,20.5,16.1,17.6,90.5,14.408,100,19.5,11.1,65.1,77.8,3,1,0
2020-06-16,21.6,15.0,18.4,21.6,15.0,18.4,84.9,0.0,0,23.1,13.3,27.5,202.9,7,0,0
2020-06-17,22.6,14.1,18.1,22.6,14.1,18.1,79.7,0.036,100,32.4,17.5,36.2,250.8,8,1,0
2020-06-18,19.6,16.1,17.5,19.6,16.1,17.5,87.8,3.822,100,31.9,13.7,39.5,64.0,2,1,0
2020-06-19,21.8,14.1,17.8,21.8,14.1,17.8,82.6,3.643,100,33.4,16.9,52.6,212.3,6,1,0
2020-06-20,20.7,10.9,16.5,20.7,10.9,16.5,77.2,0.0,0,30.9,20.4,23.0,243.2,8,0,0
2020-06-21,24.0,9.6,17.4,24.0,9.6,17.4,75.6,0.069,100,35.5,18.9,9.2,205.5,7,1,0
2020-06-22,22.4,11.0,17.6,22.4,11.0,17.6,72.5,0.23,100,30.3,20.4,6.8,271.5,8,1,0
2020-06-23,25.1,9.4,17.9,25.1,9.4,17.9,70.3,0.0,0,25.7,14.6,0.6,311.5,8,0,0
2020-06-24,26.5,13.2,20.5,26.5,13.2,20.5,63.9,0.0,0,37.0,21.5,1.1,319.5,9,0,0
2020-06-25,27.5,15.3,22.2,28.0,15.3,22.3,67.4,0.0,0,36.5,19.1,0.9,284.9,8,0,0
2020-06-26,29.7,17.2,23.8,28.8,17.2,23.6,58.2,0.0,0,39.6,19.2,0.3,310.6,8,0,0
2020-06-27,25.5,17.2,21.1,25.5,17.2,21.1,79.4,7.586,100,55.1,24.0,39.5,159.0,7,1,0
2020-06-28,21.5,14.5,18.2,21.5,14.5,18.2,69.3,0.857,100,55.0,33.7,32.8,255.3,9,1,0
2020-06-29,18.8,12.2,15.4,18.8,12.2,15.4,69.1,0.037,100,58.6,34.3,37.8,128.8,5,1,0
2020-06-30,16.9,13.2,14.4,16.9,13.2,14.4,87.5,4.837,100,54.0,32.3,92.4,50.8,2,1,0
2020-07-01,22.6,13.2,17.1,22.6,13.2,17.1,83.1,3.385,100,52.5,32.7,63.0,183.8,8,1,0
2020-07-02,20.5,14.2,16.8,20.5,14.2,16.8,82.8,4.703,100,40.6,24.3,69.1,135.4,7,1,0
2020-07-03,20.6,10.8,16.0,20.6,10.8,16.0,78.2,0.008,100,55.0,34.8,35.4,157.9,5,1,0
2020-07-04,17.1,14.2,16.1,17.1,14.2,16.1,91.4,4.922,100,53.0,31.6,88.4,53.8,2,1,0
2020-07-05,21.3,15.2,17.8,21.3,15.2,17.8,84.7,4.078,100,65.8,37.0,92.4,122.9,5,1,0
2020-07-06,16.7,12.2,14.6,16.7,12.2,14.6,76.0,3.028,100,66.9,33.2,44.0,219.2,7,1,0
2020-07-07,17.4,8.0,13.3,17.4,6.6,13.1,78.4,1.595,100,48.9,32.6,37.9,150.8,5,1,0
2020-07-08,16.9,11.2,13.4,16.9,11.2,13.4,86.9,1.741,100,29.3,9.8,83.9,105.5,4,1,0
2020-07-09,14.1,12.0,13.2,14.1,12.0,13.2,93.4,17.623,100,40.6,23.0,95.6,47.3,2,1,0
2020-07-10,16.8,11.3,13.9,16.8,11.3,13.9,84.6,13.099,100,43.7,21.2,73.3,144.8,6,1,0
2020-07-11,17.7,8.2,13.7,17.7,6.3,13.5,79.8,5.441,100,37.0,16.2,48.1,197.8,6,1,0
2020-07-12,19.6,7.1,14.2,19.6,6.2,14.1,75.0,0.0,0,24.7,14.7,19.5,268.5,8,0,0
2020-07-13,21.9,7.8,15.8,21.9,7.8,15.8,70.2,0.0,0,29.8,13.0,12.0,294.7,8,0,0
2020-07-14,17.7,12.7,15.2,17.7,12.7,15.2,88.6,2.797,100,29.3,15.9,63.9,61.0,2,1,0
2020-07-15,18.7,9.0,13.9,18.7,8.3,13.8,85.1,0.033,100,28.3,15.7,39.5,121.6,5,1,0
2020-07-16,19.2,9.5,15.3,19.2,9.5,15.3,84.7,0.003,100,22.6,9.5,85.9,121.6,4,1,0
2020-07-17,21.1,14.0,18.0,21.1,14.0,18.0,79.7,0.0,0,21.1,11.4,65.4,115.6,5,0,0
2020-07-18,25.7,13.4,19.5,25.7,13.4,19.5,79.8,0.0,0,25.7,14.7,23.5,179.4,6,0,0
2020-07-19,23.5,15.4,19.0,23.5,15.4,19.0,82.7,0.027,100,41.7,19.2,36.5,183.8,6,1,0
2020-07-20,19.6,11.1,16.0,19.6,11.1,16.0,72.2,0.899,100,35.0,18.6,37.1,239.5,7,1,0
2020-07-21,19.0,8.4,14.5,19.0,7.3,14.3,74.2,0.024,100,40.6,20.6,18.8,187.2,7,1,0
2020-07-22,18.8,9.1,14.5,18.8,8.5,14.4,73.0,0.004,100,30.9,14.6,27.4,212.1,8,1,0
2020-07-23,22.7,12.3,17.1,22.7,12.3,17.1,71.2,0.005,100,36.5,24.8,20.5,187.2,6,1,0
2020-07-24,21.8,15.4,18.1,21.8,15.4,18.1,77.0,0.106,100,36.7,22.7,45.6,190.8,7,1,0
2020-07-25,20.1,11.8,17.0,20.1,11.8,17.0,88.4,0.356,100,40.0,22.9,50.3,111.5,4,1,0
2020-07-26,21.1,13.7,18.4,21.1,13.7,18.4,80.4,20.667,100,47.3,26.7,65.7,221.3,8,1,0
2020-07-27,20.0,13.2,16.8,20.0,13.2,16.8,80.6,0.336,100,48.6,21.6,11.7,103.2,4,1,0
2020-07-28,19.8,13.7,16.9,19.8,13.7,16.9,76.5,2.024,100,58.1,29.9,46.9,158.1,6,1,0
2020-07-29,17.9,10.8,15.3,17.9,10.8,15.3,72.1,0.085,100,52.5,27.3,53.5,124.2,4,1,0
2020-07-30,22.6,7.2,15.7,22.6,6.3,15.5,74.3,0.0,0,33.4,13.9,16.3,222.6,8,0,0
2020-07-31,27.4,12.1,20.3,27.8,12.1,20.3,71.8,0.0,0,33.4,16.2,0.3,279.8,8,0,0
2020-08-01,26.3,14.8,20.8,26.3,14.8,20.8,77.0,0.111,100,38.1,21.7,34.9,160.7,6,1,0
2020-08-02,21.6,11.6,16.6,21.6,11.6,16.6,82.1,3.117,100,43.2,24.8,29.3,204.3,8,1,0
2020-08-03,19.5,9.6,14.7,19.5,9.6,14.7,85.1,3.38,100,30.3,17.5,12.1,99.2,4,1,0
2020-08-04,19.9,9.6,15.4,19.9,9.6,15.4,73.5,0.047,100,28.3,16.1,28.6,224.8,7,1,0
2020-08-05,26.0,14.4,20.0,26.0,14.4,20.0,58.6,0.0,0,44.7,27.7,1.8,268.3,8,0,0
2020-08-06,28.5,14.4,21.4,28.1,14.4,21.4,65.1,0.0,0,26.2,14.6,0.8,267.7,8,0,0
2020-08-07,31.5,14.5,23.7,30.6,14.5,23.4,60.8,0.0,0,25.2,11.6,0.1,267.6,8,0,0
2020-08-08,32.2,15.6,24.2,31.7,15.6,24.3,64.5,0.0,0,26.7,13.8,1.5,231.3,7,0,0
2020-08-09,29.4,19.4,23.7,29.5,19.4,23.7,72.5,0.0,0,38.6,22.5,3.6,205.8,8,0,0
2020-08-10,31.1,17.6,24.4,32.1,17.6,24.7,69.6,0.0,0,41.1,17.3,1.2,248.0,7,0,0
2020-08-11,32.4,18.5,25.7,33.1,18.5,26.1,62.8,0.018,100,46.8,23.5,1.6,235.4,7,1,0
2020-08-12,32.9,21.0,26.7,32.9,21.0,26.9,53.2,0.0,0,37.5,18.9,1.5,243.8,7,0,0
2020-08-13,31.3,20.0,25.3,31.9,20.0,25.5,57.1,0.0,0,38.6,17.8,4.3,234.6,7,0,0
2020-08-14,25.8,19.3,22.2,25.8,19.3,22.2,81.6,5.681,100,35.5,11.4,24.2,131.1,7,1,0
2020-08-15,25.6,17.8,21.6,25.6,17.8,21.6,84.2,0.008,100,27.8,13.2,18.4,102.3,3,1,0
2020-08-16,28.6,16.8,23.0,29.8,16.8,23.3,78.9,0.659,100,40.1,15.0,10.3,169.1,6,1,0
2020-08-17,22.3,16.6,19.8,22.3,16.6,19.8,89.5,4.853,100,44.7,12.5,31.2,78.3,3,1,0
2020-08-18,22.8,13.6,18.0,22.8,13.6,18.0,85.2,5.776,100,44.7,17.8,26.5,150.1,5,1,0
2020-08-19,25.8,12.5,19.4,25.8,12.5,19.4,74.7,0.005,100,25.7,16.0,14.7,202.7,7,1,0
2020-08-20,26.8,20.1,22.7,28.0,20.1,22.8,75.2,1.178,100,34.5,19.9,38.3,129.8,5,1,0
2020-08-21,28.5,18.6,24.1,29.0,18.6,24.3,67.2,0.773,100,52.5,35.5,10.6,195.2,7,1,0
2020-08-22,22.5,15.6,18.9,22.5,15.6,18.9,77.6,1.98,100,57.6,37.7,38.6,143.0,4,1,0
2020-08-23,19.7,13.8,16.9,19.7,13.8,16.9,83.0,5.071,100,53.0,25.5,62.5,122.9,4,1,0
2020-08-24,18.6,12.0,15.9,18.6,12.0,15.9,86.1,7.035,100,49.4,24.8,30.8,116.5,5,1,0
2020-08-25,18.0,8.8,14.6,18.0,8.8,14.6,90.5,2.878,100,51.4,26.4,46.9,67.3,2,1,0
2020-08-26,19.8,15.2,17.0,19.8,15.2,17.0,88.0,12.776,100,74.6,39.4,89.3,79.3,4,1,0
2020-08-27,18.0,11.8,15.6,18.0,11.8,15.6,79.1,1.525,100,69.4,20.3,43.4,109.7,4,1,0
2020-08-28,20.1,12.4,15.6,20.1,12.4,15.6,86.5,4.481,100,53.0,33.7,52.1,116.3,7,1,0
2020-08-29,18.6,11.3,14.8,18.6,11.3,14.8,88.0,2.579,100,51.9,28.7,45.3,127.3,6,1,0
2020-08-30,19.6,13.9,15.7,19.6,13.9,15.7,87.5,0.478,100,50.4,22.6,73.8,81.8,4,1,0
2020-08-31,18.6,13.2,15.6,18.6,13.2,15.6,71.8,0.493,100,44.2,18.9,38.8,145.6,7,1,0
2020-09-01,19.7,9.4,14.7,19.7,9.4,14.7,76.1,0.018,100,36.0,14.1,11.8,199.7,7,1,0
2020-09-02,20.7,5.9,13.7,20.7,5.9,13.7,76.1,0.0,0,24.2,10.6,12.1,160.1,6,0,0
2020-09-03,17.1,10.5,13.8,17.1,10.5,13.8,94.5,14.991,100,47.3,24.9,58.0,27.8,1,1,0
2020-09-04,21.3,14.3,17.0,21.3,14.3,17.0,83.0,4.184,100,40.1,20.7,60.6,143.8,5,1,0
2020-09-05,17.9,10.0,14.6,17.9,10.0,14.6,81.3,2.689,100,50.4,25.8,33.5,146.5,6,1,0
2020-09-06,17.7,9.1,13.3,17.7,7.5,13.3,85.6,1.827,100,36.5,18.3,26.5,141.1,5,1,0
2020-09-07,19.0,7.3,13.5,19.0,6.8,13.3,87.8,0.479,100,38.1,20.2,39.5,138.0,6,1,0
2020-09-08,19.8,14.2,16.8,19.8,14.2,16.8,91.7,0.482,100,38.1,22.9,80.4,50.8,3,1,0
2020-09-09,18.9,11.9,17.1,18.9,11.9,17.1,92.1,0.645,100,43.7,23.5,86.6,37.2,1,1,0
2020-09-10,17.9,8.6,13.6,17.9,6.7,13.4,76.8,0.0,0,36.0,13.1,12.9,137.6,5,0,0
2020-09-11,18.1,10.0,14.2,18.1,10.0,14.2,78.2,0.008,100,32.9,16.7,45.4,138.4,6,1,0
2020-09-12,18.0,8.8,13.7,18.0,8.1,13.6,84.1,0.105,100,50.9,25.0,30.1,88.2,3,1,0
2020-09-13,22.8,9.9,16.0,22.8,8.8,15.9,85.0,0.0,0,47.3,30.0,14.1,144.8,5,0,0
2020-09-14,26.7,9.8,17.6,27.3,9.7,17.6,82.5,0.0,0,22.1,10.0,3.2,177.1,6,0,0
2020-09-15,29.3,11.8,20.1,29.5,11.8,20.3,81.3,0.0,0,18.5,8.1,2.5,170.3,6,0,0
2020-09-16,21.7,14.1,17.4,21.7,14.1,17.4,84.1,0.0,0,47.3,23.6,25.7,126.6,6,0,0
2020-09-17,17.8,9.7,13.6,17.8,8.7,13.6,71.6,0.0,0,44.2,22.3,8.4,172.0,6,0,0
2020-09-18,18.8,5.6,12.2,18.8,3.1,11.4,68.9,0.0,0,44.2,25.0,0.4,181.8,6,0,0
2020-09-19,21.5,7.9,13.8,21.5,5.5,13.1,65.0,0.0,0,46.3,22.8,0.6,175.3,6,0,0
2020-09-20,20.7,6.9,13.8,20.7,4.7,13.3,74.7,0.0,0,35.0,19.8,0.0,173.8,6,0,0
2020-09-21,22.5,8.4,14.7,22.5,6.9,14.5,78.0,0.0,0,26.2,13.6,0.0,166.2,6,0,0
2020-09-22,22.5,5.0,13.0,22.5,3.9,13.0,82.7,0.0,0,18.0,9.1,4.5,159.0,6,0,0
2020-09-23,21.9,8.0,15.0,21.9,8.0,15.0,84.9,1.585,100,47.3,25.5,28.1,117.2,5,1,0
2020-09-24,17.8,10.9,14.6,17.8,10.9,14.6,79.0,8.018,100,54.5,31.5,55.5,113.3,4,1,0
2020-09-25,14.1,8.4,12.0,14.1,7.3,12.0,79.7,4.207,100,46.8,26.4,52.3,118.3,4,1,0
2020-09-26,14.3,4.9,10.4,14.3,3.7,9.9,88.1,1.406,100,66.3,30.9,42.5,59.7,3,1,0
2020-09-27,16.7,13.0,14.1,16.7,13.0,14.1,89.2,7.179,100,69.4,32.8,92.4,56.6,3,1,0
2020-09-28,13.3,12.2,12.9,13.3,12.2,12.9,98.6,1.178,100,25.2,13.4,100.0,24.5,1,1,0
2020-09-29,16.5,11.2,12.9,16.5,11.2,12.9,95.6,12.578,100,28.8,13.1,79.2,22.6,1,1,0
2020-09-30,17.8,12.1,14.9,17.8,12.1,14.9,90.2,0.155,100,32.9,17.1,60.4,67.0,3,1,0
2020-10-01,17.0,11.2,14.3,17.0,11.2,14.3,88.5,2.005,100,41.7,19.6,19.0,58.1,2,1,0
2020-10-02,17.8,8.3,12.7,17.8,7.0,12.4,87.8,1.177,100,47.3,25.1,37.9,104.7,5,1,0
2020-10-03,15.2,10.2,13.9,15.2,10.2,13.9,88.8,6.322,100,53.0,26.9,88.5,16.5,1,1,0
2020-10-04,14.9,10.0,11.6,14.9,8.0,11.3,82.5,2.573,100,59.1,33.3,52.9,65.5,3,1,0
2020-10-05,13.0,10.0,11.3,13.0,10.0,11.3,84.1,1.228,100,52.5,28.2,43.7,39.5,2,1,0
2020-10-06,14.7,11.1,12.5,14.7,11.1,12.5,91.1,7.706,100,51.9,27.4,72.2,40.6,2,1,0
2020-10-07,15.0,8.7,12.0,15.0,7.0,11.8,88.0,5.547,100,54.0,28.6,38.7,67.6,3,1,0
2020-10-08,15.9,10.1,12.4,15.9,10.1,12.4,92.9,29.104,100,54.5,33.2,73.4,13.5,1,1,0
2020-10-09,14.0,6.4,10.8,14.0,4.3,10.3,87.6,0.403,100,47.8,21.0,39.6,64.1,3,1,0
2020-10-10,11.7,5.6,8.7,11.7,3.7,6.9,87.1,6.631,100,56.1,23.1,48.5,89.4,4,1,0
2020-10-11,12.5,5.1,8.6,12.5,2.3,7.2,91.4,12.503,100,44.2,21.1,59.1,29.5,2,1,0
2020-10-12,14.5,6.2,9.9,14.5,4.1,9.0,87.1,1.8,100,39.1,15.6,45.6,63.9,3,1,0
2020-10-13,13.9,7.0,9.2,13.9,5.0,7.9,85.7,0.0,0,30.9,17.0,10.2,85.7,4,0,0
2020-10-14,11.9,7.3,9.7,11.9,5.1,9.0,80.4,0.0,0,53.0,27.7,44.9,82.0,4,0,0
2020-10-15,11.0,6.5,9.5,11.0,5.1,8.4,74.8,0.0,0,44.2,18.9,90.4,46.9,2,0,0
2020-10-16,11.9,3.2,7.6,11.9,3.2,7.4,84.9,0.0,0,24.2,13.4,50.2,75.6,4,0,0
2020-10-17,13.6,4.1,8.4,13.6,4.0,8.2,87.7,0.063,100,18.0,7.9,36.6,93.0,4,1,0
2020-10-18,12.0,6.7,9.5,12.0,4.3,8.4,87.9,1.166,100,39.1,15.4,80.1,50.6,2,1,0
2020-10-19,12.0,6.4,9.1,12.0,4.6,8.1,90.4,0.303,100,29.9,16.1,65.1,63.5,3,1,0
2020-10-20,13.7,7.0,9.9,13.7,4.2,8.7,85.2,0.286,100,38.6,20.4,8.7,23.0,1,1,0
2020-10-21,17.8,12.9,14.5,17.8,12.9,14.5,87.5,5.188,100,87.4,51.9,81.4,21.9,2,1,0
2020-10-22,15.9,11.3,13.8,15.9,11.3,13.8,86.0,1.153,100,119.8,34.0,55.4,57.6,3,1,0
2020-10-23,15.6,8.4,11.7,15.6,7.5,11.4,92.8,0.008,100,37.0,20.5,42.1,52.4,3,1,0
2020-10-24,14.0,10.2,12.7,14.0,10.2,12.7,89.4,0.526,100,50.9,29.7,84.0,27.4,1,1,0
2020-10-25,15.0,9.2,12.6,15.0,7.4,12.5,86.5,1.236,100,65.8,32.0,57.5,19.8,1,1,0
2020-10-26,11.8,9.1,10.1,11.8,6.1,8.7,85.5,0.011,100,45.8,23.3,58.2,27.2,1,1,0
2020-10-27,11.0,8.1,9.7,11.0,5.0,8.2,86.9,0.595,100,59.0,28.8,66.9,28.6,1,1,0
2020-10-28,12.9,9.1,10.3,12.9,6.2,9.1,87.0,2.431,100,66.3,30.2,48.7,48.3,3,1,0
2020-10-29,12.0,7.4,10.0,12.0,4.5,8.8,88.3,3.08,100,64.3,25.3,68.6,49.0,3,1,0
2020-10-30,14.1,12.8,13.9,14.1,12.8,13.9,95.3,9.676,100,115.6,29.1,95.6,12.0,1,1,0
2020-10-31,14.1,12.2,13.6,14.1,12.2,13.6,92.3,1.656,100,50.4,26.8,87.8,25.9,1,1,0
2020-11-01,16.8,9.7,12.7,16.8,7.6,12.6,87.9,1.43,100,57.6,35.9,40.6,37.1,2,1,0
2020-11-02,18.8,11.1,16.3,18.8,11.1,16.3,83.2,1.247,100,72.0,54.6,71.1,25.2,2,1,0
2020-11-03,12.0,7.2,9.6,12.0,3.5,8.2,78.7,0.291,100,75.6,35.3,37.3,69.8,3,1,0
2020-11-04,11.9,4.0,7.2,11.9,1.5,5.2,87.2,0.426,100,50.4,20.5,24.1,62.5,3,1,0
2020-11-05,11.1,2.3,6.9,11.1,-0.4,5.4,90.6,0.0,0,36.0,17.2,10.2,36.0,2,0,0
2020-11-08,12.8,3.7,7.3,12.8,0.8,6.1,90.8,0.0,0,22.1,11.6,1.2,58.5,3,0,0
2020-11-09,11.0,5.3,7.7,11.0,4.0,6.7,94.9,1.7,100,23.7,14.3,10.7,26.9,2,1,0
2020-11-10,6.8,5.0,5.6,6.8,2.2,3.6,99.2,0.0,0,23.1,13.0,79.2,14.2,1,0,0
2020-11-11,10.2,6.8,9.0,10.2,5.8,8.7,99.7,0.173,100,29.3,14.4,96.8,13.7,1,1,0
2020-11-12,12.0,8.3,10.2,12.0,6.3,9.2,90.7,1.857,100,44.7,27.6,75.5,30.5,2,1,0
2020-11-14,13.7,7.4,10.5,13.7,6.1,10.0,93.8,0.414,100,36.5,22.1,43.1,12.2,1,1,0
2020-11-15,15.9,9.0,12.8,15.9,6.0,12.3,81.8,7.085,100,61.2,32.2,29.3,30.2,2,1,0
2020-11-16,11.9,8.2,9.9,11.9,5.3,7.9,89.2,2.938,100,59.7,33.1,78.9,13.5,1,1,0
2020-11-17,13.0,7.4,11.4,13.0,4.5,10.7,90.9,0.951,100,50.9,31.0,95.2,11.8,1,1,0
2020-11-18,13.9,11.1,12.4,13.9,11.1,12.4,82.3,0.012,100,58.1,34.2,63.3,40.0,3,1,0
2020-11-19,13.6,2.7,8.2,13.6,-1.0,5.4,81.7,2.705,100,67.9,35.1,58.2,26.6,2,1,0
2020-11-20,8.9,2.9,5.2,6.6,0.0,2.2,84.4,1.971,100,56.0,22.3,52.3,21.3,1,1,0
2020-11-21,10.1,4.3,7.6,10.1,-0.2,4.1,90.5,0.394,100,52.9,29.6,94.8,6.6,0,1,0
2020-11-22,10.9,3.0,8.0,10.9,-0.2,6.5,89.6,0.709,100,45.8,26.8,34.7,32.2,2,1,0
2020-11-23,10.0,3.1,5.9,7.7,-0.4,2.9,87.0,0.087,100,41.1,18.8,14.2,45.8,2,1,0
2020-11-24,9.8,4.4,7.3,7.3,1.5,4.4,89.9,0.0,0,37.8,22.2,69.0,17.4,1,0,0
2020-11-25,8.0,4.0,5.7,5.6,0.3,2.7,89.4,0.0,0,33.4,18.5,12.8,38.0,2,0,0
2020-11-26,10.0,5.0,8.1,9.4,5.0,7.0,92.2,0.064,100,27.3,16.6,48.7,23.6,1,1,0
2020-11-27,8.0,5.1,6.6,7.0,3.5,5.5,95.1,0.665,100,26.7,12.9,80.5,8.6,1,1,0
2020-11-28,6.1,3.9,5.1,4.0,0.1,2.2,95.4,0.0,0,32.4,16.8,95.2,6.7,0,0,0
2020-11-29,4.1,-2.8,0.9,2.0,-6.0,-1.8,86.1,0.0,0,32.4,17.0,25.4,42.2,2,0,0
2020-11-30,6.1,-3.0,0.8,2.5,-5.0,-2.7,93.5,4.166,100,41.7,23.0,57.1,6.9,0,1,1
2021-07-01,20.7,13.6,16.5,20.7,13.6,16.5,90.9,3.261,100,36.4,18.6,96.9,117.1,4,1,0
2021-07-02,20.6,13.8,16.9,20.6,13.8,16.9,84.2,0.006,100,29.3,18.1,76.9,166.5,6,1,0
2021-07-03,23.1,9.3,17.2,23.1,9.3,17.2,79.9,0.008,100,29.3,15.2,53.7,267.0,9,1,0
2021-07-04,22.7,16.7,18.8,22.7,16.7,18.8,88.5,10.35,100,32.9,14.4,93.1,118.3,5,1,0
2021-07-05,20.0,14.9,17.2,20.0,14.9,17.2,88.2,7.836,100,35.0,20.9,87.5,166.8,7,1,0
2021-07-06,22.1,15.2,18.2,22.1,15.2,18.2,79.6,1.067,100,62.2,32.3,88.5,128.0,4,1,0
2021-07-07,21.5,12.6,17.4,21.5,12.6,17.4,76.9,0.369,100,56.1,23.5,52.1,217.2,6,1,0
2021-07-08,22.6,11.3,17.5,22.6,11.3,17.5,82.5,0.058,100,30.9,14.7,61.1,168.3,6,1,0
2021-07-09,21.6,12.5,17.4,21.6,12.5,17.4,82.0,0.0,0,26.7,12.1,71.2,203.8,6,1,0
2021-07-10,20.9,12.4,17.1,20.9,12.4,17.1,79.5,0.0,0,25.7,14.7,80.3,170.5,5,1,0
2021-07-11,22.3,13.4,18.5,22.3,13.4,18.5,81.4,0.785,100,45.8,19.0,62.1,200.3,6,1,0
2021-07-12,23.4,16.0,20.0,23.4,16.0,20.0,86.5,0.308,100,28.3,12.8,99.4,138.3,5,1,0
2021-07-13,21.6,17.7,19.4,21.6,17.7,19.4,95.2,1.264,100,30.6,15.4,100.0,74.2,3,1,0
2021-07-14,23.1,18.2,20.3,23.1,18.2,20.3,89.8,4.594,100,46.8,22.3,100.0,128.0,5,1,0
2021-07-15,19.8,17.5,18.8,19.8,17.5,18.8,89.7,6.189,100,50.0,26.6,99.6,69.8,4,1,0
2021-07-16,19.6,15.9,17.6,19.6,15.9,17.6,81.3,0.0,0,51.4,19.1,99.0,102.0,3,1,0
2021-07-17,23.2,14.4,19.0,23.2,14.4,19.0,80.7,0.0,0,32.9,22.0,5.3,291.6,8,1,0
2021-07-18,23.7,13.8,18.7,23.7,13.8,18.7,82.1,0.0,0,37.5,22.4,35.2,236.8,7,0,0
2021-07-19,19.5,14.8,17.3,19.5,14.8,17.3,73.2,0.0,0,33.9,18.5,80.3,228.5,7,1,0
2021-07-20,20.7,13.2,17.2,20.7,13.2,17.2,72.3,0.0,0,28.3,14.8,76.7,200.7,6,1,0
2021-07-21,21.9,11.4,17.3,21.9,11.4,17.3,79.4,0.0,0,29.3,11.8,76.8,142.0,4,0,0
2021-07-22,20.4,14.8,17.4,20.4,14.8,17.4,72.5,0.0,0,28.8,14.9,59.3,264.4,8,0,0
2021-07-23,19.4,15.3,17.4,19.4,15.3,17.4,77.7,0.0,0,25.2,12.9,97.7,89.5,3,0,0
2021-07-24,24.3,12.1,18.9,24.3,12.1,18.9,78.6,4.895,100,39.6,20.2,60.6,209.6,7,1,0
2021-07-25,23.6,17.0,20.0,23.6,17.0,20.0,86.2,17.519,100,46.3,24.5,87.3,182.8,7,1,0
2021-07-26,24.6,14.6,20.3,24.6,14.6,20.3,81.2,1.675,100,32.4,18.0,72.0,255.3,8,1,0
2021-07-27,23.4,16.9,19.3,23.4,16.9,19.3,83.4,1.229,100,34.5,24.2,88.4,201.5,6,1,0
2021-07-28,21.9,15.2,17.4,21.9,15.2,17.4,87.2,4.436,100,54.5,30.5,82.8,125.0,5,1,0
2021-07-29,20.0,12.2,16.5,20.0,12.2,16.5,74.9,1.283,100,67.0,38.8,58.5,188.5,5,1,0
2021-07-30,22.0,12.0,16.5,22.0,12.0,16.5,79.9,5.537,100,45.8,19.7,75.7,147.8,5,1,0
2021-07-31,19.7,14.8,16.7,19.7,14.8,16.7,86.3,6.868,100,58.6,32.1,94.1,141.0,5,1,0
2021-08-01,19.3,12.4,16.1,19.3,12.4,16.1,85.0,2.46,100,42.2,18.9,87.7,158.1,6,1,0
2021-08-02,17.9,13.1,15.3,17.9,13.1,15.3,79.5,0.979,100,40.1,21.6,85.1,174.5,6,1,0
2021-08-03,19.4,8.7,15.1,19.4,8.7,15.0,77.4,0.139,100,25.7,14.7,76.0,150.3,5,1,0
2021-08-04,20.8,12.7,16.7,20.8,12.7,16.7,75.4,0.008,100,31.4,18.0,74.8,223.1,7,1,0
2021-08-05,22.8,11.5,17.6,22.8,11.5,17.6,78.8,0.948,100,39.1,11.7,48.1,218.8,7,1,0
2021-08-06,21.2,14.4,17.4,21.2,14.4,17.4,87.6,14.907,100,50.9,24.1,69.5,122.4,4,1,0
2021-08-07,21.0,14.3,17.3,21.0,14.3,17.3,80.6,5.08,100,47.8,21.2,75.9,198.6,7,1,0
2021-08-08,19.4,14.3,16.6,19.4,14.3,16.6,84.0,8.114,100,58.6,35.3,87.9,163.8,7,1,0
2021-08-09,19.2,13.8,15.8,19.2,13.8,15.8,86.5,10.64,100,51.4,28.1,93.3,124.8,5,1,0
2021-08-10,20.4,12.5,16.4,20.4,12.5,16.4,85.6,2.901,100,34.5,20.3,70.5,135.7,6,1,0
2021-08-11,23.1,10.9,17.3,23.1,10.9,17.3,82.8,0.071,100,27.7,16.4,46.6,196.1,7,1,0
2021-08-12,23.9,12.9,18.6,23.9,12.9,18.6,81.2,0.0,0,30.3,17.7,79.1,212.8,7,0,0
2021-08-13,21.5,13.7,17.7,21.5,13.7,17.7,82.5,0.0,0,50.4,29.0,78.8,149.3,5,0,0
2021-08-14,21.7,14.1,17.5,21.7,14.1,17.5,82.0,0.0,0,48.9,28.0,91.2,176.7,7,0,0
2021-08-15,24.5,14.4,18.7,24.5,14.4,18.7,80.9,0.565,100,46.8,28.6,79.0,204.9,8,1,0
2021-08-16,17.3,13.8,15.9,17.3,13.8,15.9,83.3,7.956,100,87.9,35.6,90.4,152.7,5,1,0
2021-08-18,19.4,13.1,16.4,19.4,13.1,16.4,85.6,0.29,100,50.4,28.6,97.1,90.4,3,1,0
2021-08-19,17.9,15.2,16.2,17.9,15.2,16.2,91.0,5.524,100,45.3,15.8,99.8,49.7,2,1,0
2021-08-20,21.0,13.8,16.9,21.0,13.8,16.9,89.2,2.12,100,30.2,14.2,94.0,123.5,5,1,0
2021-08-21,22.4,14.0,18.2,22.4,14.0,18.2,84.4,0.0,0,21.6,10.7,92.3,161.0,7,0,0
2021-08-22,20.5,16.3,17.8,20.5,16.3,17.8,92.5,14.389,100,47.8,25.6,99.4,56.3,2,1,0
2021-08-23,21.1,15.0,17.8,21.1,15.0,17.8,77.1,0.154,100,46.3,22.6,37.1,230.9,7,1,0
2021-08-24,21.2,13.7,17.2,21.2,13.7,17.2,80.9,0.0,0,32.9,17.6,46.9,175.0,5,0,0
2021-08-25,18.0,10.4,14.9,18.0,10.4,14.9,89.2,1.038,100,47.8,22.7,79.0,91.6,5,1,0
2021-08-26,19.7,14.1,16.7,19.7,14.1,16.7,74.5,0.274,100,50.4,27.2,77.9,172.1,7,1,0
2021-08-27,18.0,14.4,16.0,18.0,14.4,16.0,82.0,3.892,100,58.1,29.3,88.4,122.2,4,1,0
2021-08-28,18.1,15.3,16.5,18.1,15.3,16.5,83.1,1.952,100,47.3,29.7,99.1,88.0,4,1,0
2021-08-29,17.8,15.2,16.6,17.8,15.2,16.6,88.3,1.385,100,49.4,22.9,99.9,37.3,1,1,0
2021-08-30,20.4,15.7,18.0,20.4,15.7,18.0,84.3,0.0,0,38.1,22.8,75.9,163.3,5,0,0
2021-08-31,18.6,13.3,16.1,18.6,13.3,16.1,85.8,0.0,0,37.4,23.8,77.1,80.0,3,0,0
2021-09-01,18.2,13.4,16.1,18.2,13.4,16.1,79.9,0.0,0,30.3,10.6,96.1,60.3,2,0,0
2021-09-02,18.9,9.3,14.2,18.9,9.2,14.2,83.5,0.0,0,19.5,10.0,60.4,79.9,3,0,0
2021-09-04,19.3,12.9,15.9,19.3,12.9,15.9,75.4,0.0,0,31.4,14.9,63.8,179.6,7,0,0
2021-09-05,20.4,9.2,14.2,20.4,8.2,14.2,86.4,0.0,0,29.3,14.7,48.8,158.9,7,0,0
2021-09-06,21.2,7.0,14.6,21.2,6.8,14.6,80.9,0.0,0,20.5,7.4,81.4,144.5,6,0,0
2021-09-07,24.2,12.7,18.3,24.2,12.7,18.3,78.1,0.0,0,17.7,9.2,81.2,156.4,6,0,0
2021-09-08,25.7,12.1,18.9,25.7,12.1,18.9,74.2,0.0,0,31.5,14.4,20.8,194.4,6,0,0
2021-09-09,27.0,13.2,19.5,27.2,13.2,19.5,75.3,0.0,0,23.7,13.9,27.3,179.4,6,0,0
2021-09-10,23.8,17.1,19.3,23.8,17.1,19.3,91.6,8.392,100,36.5,14.4,97.8,72.6,4,1,0
2021-09-11,20.1,16.4,18.1,20.1,16.4,18.1,92.7,0.924,100,40.0,21.3,97.7,65.4,2,1,0
2021-09-12,19.7,12.6,16.9,19.7,12.6,16.9,87.0,0.006,100,36.5,18.7,99.9,117.3,5,1,0
2021-09-13,18.4,10.6,15.1,18.4,10.6,15.1,83.0,0.85,100,32.4,12.0,78.6,101.7,4,1,0
2021-09-14,21.3,9.6,15.8,21.3,9.6,15.8,83.1,0.009,100,32.9,15.2,56.9,154.7,6,1,0
2021-09-15,21.3,15.4,18.0,21.3,15.4,18.0,88.7,0.331,100,37.8,20.0,89.2,71.2,2,1,0
2021-09-16,18.5,12.7,15.7,18.5,12.7,15.7,85.4,0.497,100,45.8,27.0,81.9,67.4,3,1,0
2021-09-17,19.2,11.6,15.0,19.2,11.6,15.0,87.0,0.0,0,28.3,11.7,92.9,88.8,3,0,0
2021-09-18,19.8,10.0,14.5,19.8,10.0,14.5,83.2,0.0,0,24.2,14.1,86.6,165.6,6,0,0
2021-09-19,17.5,11.2,14.5,17.5,11.2,14.5,78.9,0.0,0,38.6,19.5,96.0,144.6,6,0,0
2021-09-20,16.4,8.7,12.5,16.4,8.2,12.4,76.7,0.0,0,25.2,14.2,97.6,117.7,5,0,0
2021-09-21,17.5,9.1,13.2,17.5,7.9,13.1,82.1,0.051,100,40.1,21.4,97.6,81.0,3,1,0
2021-09-22,20.5,8.5,14.1,20.5,7.5,14.1,87.6,0.0,0,35.0,21.1,64.9,134.2,4,0,0
2021-09-23,17.6,11.8,14.6,17.6,11.8,14.6,86.6,0.599,100,59.7,33.3,79.3,48.0,2,1,0
2021-09-24,20.8,12.5,16.3,20.8,12.5,16.3,84.9,0.147,100,54.5,31.7,84.7,84.4,5,1,0
2021-09-25,20.0,15.5,17.9,20.0,15.5,17.9,89.9,0.008,100,43.2,18.1,99.2,45.5,3,1,0
2021-09-26,22.0,14.9,18.2,22.0,14.9,18.2,87.2,0.071,100,25.2,14.3,73.0,102.3,4,1,0
2021-09-27,20.5,10.5,16.1,20.5,10.5,16.1,90.8,10.753,100,62.2,25.4,70.1,68.0,3,1,0
2021-09-28,17.8,8.9,12.9,17.8,7.7,12.5,84.1,0.0,0,38.1,18.1,31.4,130.5,5,0,0
2021-09-29,12.6,10.2,11.2,12.6,10.2,11.2,90.0,9.065,100,59.1,24.2,99.2,26.7,1,1,0
2021-09-30,15.5,8.6,11.8,15.5,5.9,11.1,78.6,1.228,100,66.3,28.3,77.4,99.3,5,1,0
2021-10-01,15.8,11.7,13.3,15.8,11.7,13.3,78.7,3.034,100,56.1,29.3,100.0,60.8,3,1,0
2021-10-02,15.5,11.8,13.8,15.5,11.8,13.8,88.1,4.678,100,49.4,26.9,95.5,73.6,5,1,0
2021-10-03,16.5,11.2,13.5,16.5,11.2,13.5,94.5,21.946,100,61.2,33.0,99.2,16.9,1,1,0
2021-10-05,17.0,9.6,12.6,17.0,7.4,12.3,81.9,2.377,100,43.6,22.5,67.4,92.0,5,1,0
2021-10-06,14.7,7.2,11.5,14.7,7.2,11.4,87.6,0.279,100,41.7,22.3,71.6,81.4,4,1,0
2021-10-07,12.0,4.7,8.5,12.0,4.7,8.2,97.0,0.01,100,23.7,10.7,77.4,46.6,2,1,0
2021-10-08,16.8,4.4,9.4,16.8,4.4,9.2,90.5,0.008,100,23.5,11.2,19.1,119.1,5,1,0
2021-10-09,15.5,7.4,10.5,15.5,6.2,9.5,87.3,0.0,0,28.4,14.8,66.8,106.5,5,0,0
2021-10-10,15.1,1.7,8.9,15.1,-0.9,8.7,88.6,0.582,100,28.9,9.4,45.5,99.3,4,1,0
2021-10-11,14.5,8.6,11.4,14.5,6.7,10.8,85.2,0.311,100,47.3,22.8,89.5,73.0,3,1,0
2021-10-12,13.4,7.0,10.8,13.4,6.2,10.5,84.2,7.673,100,50.9,18.8,82.0,75.7,3,1,0
2021-10-13,13.5,5.8,10.1,13.5,4.3,9.5,85.0,0.474,100,50.4,20.8,88.4,60.0,3,1,0
2021-10-14,14.8,11.7,13.0,14.8,11.7,13.0,85.6,0.245,100,50.4,27.0,100.0,42.9,2,1,0
2021-10-15,13.8,6.5,11.7,13.8,4.6,11.4,80.0,7.089,100,61.7,29.5,66.6,79.2,4,1,0
2021-10-16,12.1,5.2,9.3,12.1,2.9,8.7,84.3,0.106,100,32.4,18.0,88.9,31.9,1,1,0
2021-10-17,13.3,9.2,10.9,13.3,7.1,10.2,77.4,0.003,100,35.0,20.4,100.0,30.5,1,1,0
2021-10-18,14.4,8.8,11.6,14.4,7.0,11.2,77.8,0.0,0,35.0,15.9,98.6,59.9,3,0,0
2021-10-19,17.8,12.5,14.7,17.8,12.5,14.7,90.8,0.566,100,50.9,34.4,93.3,19.9,1,1,0
2021-10-20,17.1,12.9,15.6,17.1,12.9,15.6,83.5,1.538,100,68.9,40.4,85.7,25.2,1,1,0
2021-10-21,12.6,7.1,10.2,12.6,3.5,8.9,82.4,21.282,100,76.1,45.3,82.0,38.5,2,1,0
2021-10-22,11.0,6.3,8.5,11.0,3.8,6.1,79.9,6.106,100,77.1,35.0,71.4,47.8,3,1,0
2021-10-23,12.1,5.0,8.6,12.1,2.9,7.4,81.4,0.069,100,49.3,19.8,87.6,63.2,3,1,0
2021-10-24,12.6,3.6,8.5,12.6,1.4,7.1,79.6,0.0,0,31.8,15.7,47.8,85.0,4,0,0
2021-10-25,11.1,4.2,8.5,11.1,2.0,7.2,94.3,0.555,100,32.4,18.4,73.9,19.0,1,1,0
2021-10-26,13.1,8.8,11.6,13.1,7.0,11.3,92.1,1.181,100,41.7,27.6,93.1,41.4,3,1,0
2021-10-27,15.1,11.0,13.8,15.1,11.0,13.8,87.3,0.003,100,44.6,27.4,99.6,23.1,1,1,0
2021-10-28,16.1,8.8,11.7,16.1,6.2,11.2,84.9,0.0,0,36.5,21.2,21.3,76.6,4,0,0
2021-10-29,16.5,9.5,12.6,16.5,7.0,11.8,76.0,0.003,100,47.8,28.7,55.5,68.0,3,1,0
2021-10-30,13.5,10.1,12.0,13.5,10.1,12.0,91.0,2.494,100,48.3,23.0,92.2,19.1,1,1,0
2021-10-31,14.5,9.3,11.8,14.5,7.5,11.5,90.6,14.039,100,57.1,37.9,96.0,39.0,2,1,0
2022-02-01,8.9,3.2,6.3,5.2,-0.8,2.3,84.4,3.987,100,84.3,39.1,57.9,14.6,1,1,0
2022-02-02,8.6,3.4,6.2,6.0,1.5,2.8,81.2,0.853,100,78.7,32.6,32.9,46.0,2,1,0
2022-02-03,8.0,6.0,7.5,5.2,2.9,4.3,94.2,1.432,100,41.7,26.3,96.3,11.9,1,1,0
2022-02-04,8.9,3.2,6.1,4.7,-1.6,1.9,88.9,5.898,100,62.7,40.0,75.0,12.9,1,1,0
2022-02-05,7.1,2.5,5.2,2.4,-1.6,0.6,82.2,1.95,100,69.4,44.1,64.5,43.1,2,1,0
2022-02-06,8.0,3.4,6.6,3.9,-2.0,2.1,88.5,20.589,100,85.9,41.1,83.3,14.4,1,1,0
2022-02-07,7.8,3.2,5.5,3.7,-2.3,1.2,76.9,0.825,100,85.9,35.0,40.2,60.8,3,1,0
2022-02-08,9.9,5.2,8.6,6.9,1.1,5.1,88.7,0.706,100,60.2,31.5,97.9,15.9,1,1,0
2022-02-09,9.0,7.0,8.5,6.4,5.0,5.5,89.6,1.018,100,50.9,30.8,95.8,12.6,1,1,0
2022-02-10,7.9,1.8,6.0,6.9,-2.0,3.6,86.3,0.519,100,43.7,23.4,49.2,41.7,2,1,0
2022-02-11,6.1,-1.7,3.8,2.3,-4.1,-0.3,77.8,2.349,100,85.9,41.3,62.2,38.4,1,1,0
2022-02-12,6.0,-2.6,2.2,2.2,-5.5,-1.9,75.1,0.0,0,48.9,28.6,0.0,73.9,3,0,0
2022-02-13,8.9,1.2,4.6,5.3,-4.6,0.0,68.9,0.0,0,51.4,30.1,1.3,52.4,3,0,0
2022-02-14,10.0,6.9,9.0,6.7,1.9,5.4,71.8,0.18,100,59.7,38.9,75.3,27.3,1,1,0
2022-02-15,8.8,6.0,6.9,4.5,1.7,2.9,85.4,5.291,100,72.0,38.5,87.9,43.8,3,1,0
2022-02-16,11.9,6.9,9.7,11.9,3.7,8.2,91.1,7.985,100,87.9,52.6,77.8,16.1,1,1,0
2022-02-17,10.8,5.3,8.1,10.8,1.7,3.5,68.9,4.427,100,110.6,56.7,60.8,53.1,3,1,0
2022-02-18,10.8,2.7,6.6,10.8,-1.1,2.3,84.9,2.685,100,119.3,74.4,68.3,11.8,1,1,0
2022-02-19,7.7,3.1,5.1,3.3,-2.5,0.0,79.2,9.999,100,125.5,65.3,85.4,60.7,3,1,0
2022-02-20,9.9,2.4,6.6,5.9,-1.2,2.4,92.5,19.532,100,83.8,52.8,88.8,11.1,0,1,0
2022-02-21,7.0,2.2,5.7,2.7,-3.6,0.6,80.7,22.945,100,87.4,48.1,92.8,24.5,2,1,0
2022-02-22,8.9,3.3,6.2,4.9,0.0,2.4,84.7,3.988,100,72.5,36.3,48.8,25.5,1,1,0
2022-02-23,10.0,2.7,7.1,6.5,-1.0,3.4,75.9,0.005,100,60.2,36.9,27.4,94.7,5,1,0
2022-02-24,8.9,2.5,5.9,5.1,-2.1,1.7,79.9,6.445,100,66.9,36.0,78.3,37.9,3,1,0
2022-02-25,7.6,3.3,5.0,3.1,-1.6,0.7,77.8,1.733,100,72.0,35.1,45.7,86.5,4,1,0
2022-02-26,8.1,-2.8,2.6,6.9,-4.6,0.9,80.7,0.0,0,41.1,11.2,16.0,108.3,5,0,0
2022-02-27,8.7,-0.6,3.6,5.8,-4.1,0.6,71.6,0.0,0,40.1,21.4,0.0,122.4,5,0,0
2022-02-28,9.8,0.1,4.4,7.0,-3.7,1.4,64.9,0.0,0,37.0,21.6,0.0,123.8,5,0,0
2022-03-01,7.7,1.1,4.5,7.7,-1.6,2.4,68.3,0.065,100,32.9,12.0,47.2,55.9,3,1,0
2022-03-02,8.7,0.4,4.3,6.3,-3.6,1.3,79.9,0.0,0,27.8,15.9,12.5,123.4,5,0,0
2022-03-03,9.7,-1.7,3.3,7.2,-5.9,-0.1,75.4,0.0,0,32.9,21.3,0.2,133.1,5,0,0
2022-03-04,6.9,-1.0,2.0,3.7,-5.7,-1.9,81.7,0.0,0,36.0,21.0,26.6,130.3,5,0,0
2022-03-05,6.8,-2.8,1.6,3.4,-6.9,-2.0,73.9,0.0,0,40.1,22.3,15.8,128.8,5,0,0
2022-03-06,5.2,0.1,2.8,3.0,-3.7,-0.2,73.3,0.0,0,32.9,16.3,64.2,113.1,4,0,0
2022-03-07,7.9,-4.3,1.7,6.0,-4.3,0.4,80.7,0.0,0,23.7,13.3,4.8,134.6,6,0,0
2022-03-08,10.0,-1.6,4.0,10.0,-5.5,1.3,62.0,0.0,0,41.7,26.3,0.0,146.8,5,0,0
2022-03-09,12.0,-1.5,4.9,12.0,-4.7,2.9,54.6,0.0,0,30.9,17.2,0.0,154.0,6,0,0
2022-03-10,14.8,-2.2,6.5,14.8,-4.9,4.8,55.9,0.0,0,38.6,19.3,0.1,156.8,5,0,0
2022-03-11,11.8,2.0,6.7,11.8,-2.5,3.8,52.7,0.0,0,54.0,27.6,0.0,155.8,6,0,0
2022-03-12,13.9,4.8,8.8,13.9,1.4,7.2,52.3,0.0,0,47.3,22.1,1.3,114.7,4,0,0
2022-03-13,15.6,4.9,9.5,15.6,2.2,8.1,53.6,0.0,0,38.1,19.4,0.0,145.0,5,0,0
2022-03-14,11.5,1.0,8.1,11.5,1.0,6.7,79.4,1.374,100,36.0,24.5,41.3,48.1,3,1,0
2022-03-15,11.7,0.1,6.4,11.7,0.1,5.7,88.0,0.191,100,22.1,14.1,15.0,54.9,2,1,0
2022-03-16,13.8,1.4,8.2,13.8,-0.6,7.3,76.6,0.0,0,43.2,23.8,19.7,132.2,6,0,0
2022-03-17,10.8,1.8,8.2,10.8,-0.1,6.0,73.2,1.345,100,56.6,27.6,41.3,115.5,5,1,0
2022-03-18,13.4,-0.6,6.4,13.4,-2.7,5.3,83.6,0.0,0,28.8,17.4,6.1,158.0,5,0,0
2022-03-19,11.5,1.4,6.5,11.5,-2.0,4.0,71.2,0.0,0,53.0,34.0,1.2,171.5,6,0,0
2022-03-20,11.8,2.1,6.4,11.8,-3.0,3.5,65.6,0.0,0,61.2,32.8,0.0,128.5,5,0,0
2022-03-21,14.5,1.5,8.4,14.5,0.4,7.4,71.3,0.169,100,29.8,12.0,2.5,168.6,6,1,0
2022-03-22,18.3,2.6,9.6,18.3,1.9,9.3,71.9,0.0,0,20.1,9.8,0.0,154.7,6,0,0
2022-03-23,17.5,2.0,9.6,17.5,2.0,9.2,67.5,0.0,0,21.6,14.5,0.0,170.8,6,0,0
2022-03-24,16.1,1.0,7.9,16.1,1.0,7.6,73.0,0.0,0,23.1,15.1,0.0,169.7,6,0,0
2022-03-25,14.7,-2.2,6.4,14.7,-2.2,6.2,70.7,0.0,0,22.6,14.5,9.0,175.3,6,0,0
2022-03-26,14.4,1.2,7.5,14.4,-1.2,6.6,84.1,0.0,0,32.4,20.6,30.0,155.5,6,0,0
2022-03-27,13.4,2.9,7.7,13.4,2.6,6.5,80.3,0.0,0,30.9,17.4,45.7,196.7,6,0,0
2022-03-28,10.3,4.3,6.6,10.3,1.3,5.1,90.0,0.0,0,25.7,14.6,94.6,66.5,4,0,0
2022-03-29,9.6,2.9,6.9,7.9,2.9,5.6,79.2,0.0,0,25.2,13.2,73.3,113.5,5,0,0
2022-03-30,7.7,1.2,4.8,5.0,-0.5,2.3,76.3,0.184,100,35.0,17.6,73.2,101.0,5,1,0
2022-03-31,3.3,0.3,1.9,0.4,-6.4,-3.1,85.8,9.454,100,73.5,40.9,95.2,21.0,1,1,1
2022-04-01,4.2,0.6,2.6,-0.4,-5.7,-2.6,68.0,0.565,100,69.4,36.1,47.3,91.9,3,1,1
2022-04-02,6.7,-2.8,2.8,2.8,-5.7,-0.9,61.2,0.008,100,48.3,25.1,15.5,155.1,6,1,1
2022-04-03,7.9,-3.7,2.7,5.2,-7.2,-0.1,76.1,0.169,100,39.6,24.4,40.0,143.5,5,1,1
2022-04-04,9.9,2.3,6.1,6.7,-1.8,1.7,89.0,11.613,100,74.1,47.1,78.3,38.5,1,1,0
2022-04-05,9.8,6.1,8.0,7.5,3.6,5.4,90.8,4.946,100,49.4,26.9,89.1,45.6,2,1,0
2022-04-06,11.8,8.0,9.2,11.8,3.7,6.3,89.6,4.045,100,77.0,38.8,89.2,41.4,2,1,0
2022-04-07,9.9,6.0,8.3,6.1,1.3,4.0,80.6,10.953,100,91.4,49.3,75.8,109.1,7,1,0
2022-04-08,8.9,3.4,6.2,5.9,-1.0,2.4,74.9,8.817,100,49.7,30.1,64.2,155.2,5,1,0
2022-04-09,7.9,3.3,5.2,4.5,-0.7,1.3,78.9,0.825,100,60.5,32.5,45.7,143.6,6,1,0
2022-04-10,9.7,1.0,5.3,7.1,-2.7,2.2,72.1,4.269,100,47.9,26.4,33.8,191.0,8,1,1
2022-04-11,12.6,-1.2,5.8,12.6,-1.2,5.1,72.1,0.948,100,33.1,19.0,0.0,214.0,7,1,1
2022-04-12,19.6,5.1,11.8,19.6,1.8,10.4,63.1,0.0,0,41.4,20.7,0.5,178.5,7,0,0
2022-04-13,17.6,9.3,13.2,17.6,8.6,13.1,77.5,0.0,0,33.5,19.8,4.6,131.3,5,0,0
2022-04-14,16.2,5.7,10.9,16.2,4.6,10.2,82.5,0.006,100,38.5,24.3,23.7,200.3,7,1,0
2022-04-15,9.9,6.5,8.1,7.8,4.0,6.1,82.0,0.0,0,31.0,17.8,95.4,68.8,4,0,0
2022-04-16,13.9,5.6,9.7,13.9,3.7,8.5,63.5,0.0,0,36.0,20.7,33.2,242.2,7,0,0
2022-04-17,16.8,2.2,10.2,16.8,-0.2,9.3,50.3,0.0,0,32.4,18.3,0.0,252.4,8,0,0
2022-04-18,18.8,5.1,12.1,18.8,2.4,11.2,46.2,0.0,0,27.8,13.9,0.0,247.2,8,0,0
2022-04-19,16.4,4.4,10.7,16.4,1.5,9.9,64.3,0.0,0,45.8,28.9,0.0,245.4,8,0,0
2022-04-20,15.4,4.4,10.1,15.4,1.3,8.8,62.2,0.0,0,43.7,26.6,0.0,249.1,8,0,0
2022-04-21,15.6,4.7,10.8,15.6,2.5,10.0,67.7,0.0,0,40.1,27.4,0.0,226.5,8,0,0
2022-04-22,17.3,7.1,12.2,17.3,3.6,11.2,66.2,0.0,0,50.9,29.9,1.3,243.5,8,0,0
2022-04-23,17.3,8.2,12.8,17.3,4.9,12.0,61.2,0.0,0,60.2,33.1,3.8,250.8,8,0,0
2022-04-24,14.4,7.2,10.5,14.4,3.6,9.0,67.3,0.0,0,56.6,33.4,14.5,254.8,8,0,0
2022-04-25,12.0,7.2,9.0,12.0,3.8,6.9,75.0,0.0,0,46.3,23.6,65.2,103.9,4,0,0
2022-04-26,11.8,3.9,8.7,11.8,2.4,7.3,73.3,0.0,0,42.2,21.9,49.9,219.5,7,0,0
2022-04-27,11.0,3.0,8.0,11.0,1.3,7.5,71.7,0.0,0,23.7,12.0,96.4,70.2,3,0,0
2022-04-28,11.8,6.2,8.7,11.8,4.1,7.5,70.4,0.0,0,34.5,17.4,73.2,149.9,5,0,0
2022-04-29,10.8,3.7,7.5,10.8,2.6,6.1,76.0,0.0,0,34.5,20.5,65.0,91.1,3,0,0
2022-04-30,11.2,3.8,7.8,11.2,1.7,7.1,79.1,0.032,100,32.9,16.1,34.6,73.0,2,1,0
2022-05-01,13.5,-0.1,7.6,13.5,-0.1,7.3,75.9,0.0,0,25.2,16.5,17.8,185.7,5,0,0
2022-05-02,14.7,0.8,8.8,14.7,0.8,8.5,71.9,0.0,0,26.7,16.9,10.1,270.9,8,0,0
2022-05-03,11.9,2.5,7.8,11.9,1.6,6.8,76.7,0.0,0,34.5,15.7,73.6,171.5,6,0,0
2022-05-04,13.4,6.1,9.0,13.4,5.5,8.6,64.1,0.0,0,23.7,15.4,81.9,214.1,8,0,0
2022-05-05,17.5,3.5,11.0,17.5,3.5,10.9,71.3,0.0,0,21.1,12.4,34.6,180.7,6,0,0
2022-05-06,19.6,4.7,12.4,19.6,4.7,12.3,79.4,0.0,0,38.6,14.7,36.6,207.2,7,0,0
2022-05-07,15.8,9.0,12.6,15.8,7.4,12.5,83.8,0.116,100,38.1,19.8,30.8,151.1,5,1,0
2022-05-08,13.8,2.4,9.5,13.8,0.7,8.7,69.3,0.0,0,36.0,17.4,10.8,287.1,8,0,0
2022-05-09,21.8,1.6,12.3,21.8,1.6,12.1,67.6,0.0,0,28.8,14.6,0.2,283.8,8,0,0
2022-05-10,22.6,9.8,16.1,22.6,9.2,16.1,63.9,0.018,100,53.5,32.5,3.3,123.2,3,1,0
2022-05-11,19.6,12.2,15.0,19.6,12.2,15.0,73.3,0.33,100,54.5,32.9,35.8,184.2,8,1,0
2022-05-12,18.5,6.9,13.5,18.5,4.6,13.1,70.9,0.903,100,57.6,31.6,27.9,244.0,8,1,0
2022-05-13,16.7,8.8,13.3,16.7,7.3,13.2,71.7,0.004,100,52.5,30.4,44.6,149.6,5,1,0
2022-05-14,19.2,8.8,14.4,19.2,6.9,14.3,72.0,0.0,0,40.1,17.1,13.6,230.8,8,0,0
2022-05-15,20.3,5.4,13.8,20.3,4.3,13.6,72.2,0.0,0,42.2,23.6,0.0,281.5,8,0,0
2022-05-16,23.9,10.7,16.9,23.9,10.7,16.9,69.8,0.514,100,46.3,25.0,19.6,162.8,7,1,0
2022-05-17,23.3,11.5,18.0,23.3,11.5,18.0,71.2,0.427,100,36.0,14.1,16.7,243.6,7,1,0
2022-05-18,26.2,14.1,19.5,26.2,14.1,19.5,72.1,0.0,0,36.5,20.7,0.0,221.8,7,0,0
2022-05-19,22.7,13.1,17.1,22.7,13.1,17.1,86.6,9.953,100,46.8,20.7,25.4,145.1,7,1,0
2022-05-20,18.8,8.8,13.6,18.8,8.1,13.5,83.8,13.888,100,48.3,21.4,48.8,136.6,5,1,0
2022-05-21,17.5,9.6,13.7,17.5,8.9,13.6,78.2,1.063,100,53.5,27.6,55.3,191.0,7,1,0
2022-05-22,18.9,5.9,13.5,18.9,5.9,13.5,74.2,0.0,0,30.9,13.0,25.9,201.1,7,0,0
2022-05-23,23.9,12.1,17.0,23.9,12.1,17.0,70.2,2.136,100,47.3,19.2,16.7,165.8,7,1,0
2022-05-24,15.9,9.7,13.3,15.9,8.6,13.3,84.9,7.045,100,57.6,27.1,66.7,136.9,5,1,0
2022-05-25,16.9,7.7,12.9,16.9,6.3,12.6,79.7,0.137,100,58.1,34.0,38.4,168.2,5,1,0
2022-05-26,18.7,13.0,15.1,18.7,13.0,15.1,78.8,1.916,100,56.2,29.2,73.2,155.7,6,1,0
2022-05-27,14.8,10.5,13.1,14.8,10.5,13.1,72.3,2.517,100,61.7,33.8,53.3,215.5,7,1,0
2022-05-28,13.9,10.2,11.7,13.9,10.2,11.7,72.3,0.608,100,58.6,30.7,71.1,167.5,5,1,0
2022-05-29,11.9,8.5,10.4,11.9,7.0,9.9,77.5,0.44,100,49.4,23.8,90.4,82.0,3,1,0
2022-05-30,12.2,4.2,9.4,12.2,2.9,9.0,83.2,1.09,100,39.1,12.4,55.8,137.1,5,1,0
2022-05-31,16.6,5.6,11.4,16.6,5.6,11.4,76.9,0.243,100,29.8,13.9,4.6,163.9,6,1,0
2022-06-01,14.7,7.7,11.3,14.7,7.1,11.1,84.7,3.251,100,30.3,15.4,49.4,159.3,5,1,0
2022-06-02,18.3,5.2,12.2,18.3,2.4,11.7,75.0,0.122,100,29.9,16.0,19.4,294.2,8,1,0
2022-06-03,19.5,7.2,13.9,19.5,6.3,13.7,72.3,0.0,0,41.7,26.9,4.5,320.4,9,0,0
2022-06-04,17.5,10.1,13.6,17.5,10.1,13.6,77.4,0.0,0,40.1,23.3,12.2,273.4,7,0,0
2022-06-05,22.3,10.1,16.3,22.3,10.1,16.3,79.7,0.325,100,40.6,21.7,22.7,196.0,7,1,0
2022-06-06,16.8,12.0,14.3,16.8,12.0,14.3,89.2,24.628,100,61.7,35.8,77.5,111.1,6,1,0
2022-06-07,15.8,10.6,13.3,15.8,10.6,13.3,82.2,0.781,100,59.1,29.3,87.9,107.8,3,1,0
2022-06-08,19.9,6.8,14.0,19.9,6.1,13.8,88.7,10.205,100,44.2,17.0,38.5,118.0,5,1,0
2022-06-09,19.6,10.8,16.2,19.6,10.8,16.2,79.1,5.822,100,43.2,27.8,61.1,277.5,9,1,0
2022-06-10,21.6,8.9,15.7,21.6,7.6,15.5,80.5,0.01,100,42.7,23.2,51.9,155.7,5,1,0
2022-06-11,21.7,11.7,17.7,21.7,11.7,17.7,70.8,0.0,0,40.1,22.7,27.9,255.8,7,0,0
2022-06-12,21.3,9.9,15.5,21.3,9.2,15.4,73.0,0.024,100,47.3,25.0,28.4,274.3,10,1,0
2022-06-13,16.8,10.7,14.0,16.8,10.7,14.0,74.5,1.97,100,51.9,25.3,31.3,228.8,7,1,0
2022-06-14,18.7,7.2,13.7,18.7,5.7,13.4,74.6,0.004,100,30.9,11.3,25.4,170.1,6,1,0
2022-06-15,20.5,8.7,15.4,20.5,8.7,15.3,70.2,0.0,0,28.3,17.0,29.5,248.0,7,0,0
2022-06-16,21.6,10.5,16.7,21.6,10.5,16.7,66.4,0.0,0,26.7,16.1,1.2,293.9,8,0,0
2022-06-17,26.5,11.2,19.5,26.5,11.2,19.5,64.3,0.0,0,32.9,19.4,0.0,192.6,6,0,0
2022-06-18,22.3,14.8,18.6,22.3,14.8,18.6,71.8,0.049,100,34.5,17.5,10.1,248.8,8,1,0
2022-06-19,16.7,12.1,14.0,16.7,12.1,14.0,75.4,0.72,100,45.8,20.9,75.8,103.9,5,1,0
2022-06-20,17.8,9.8,14.6,17.8,8.5,14.5,72.8,0.008,100,43.2,28.2,39.9,213.8,8,1,0
2022-06-21,20.6,7.3,14.7,20.6,5.9,14.5,75.0,0.0,0,35.0,17.7,20.4,271.2,9,0,0
2022-06-22,22.3,6.8,15.5,22.3,6.8,15.5,75.6,0.0,0,32.4,18.8,14.6,304.9,8,0,0
2022-06-23,30.1,11.1,21.0,29.1,11.1,20.8,64.1,0.0,0,32.9,15.8,0.0,310.2,8,0,0
2022-06-24,22.7,16.5,19.6,22.7,16.5,19.6,78.5,10.231,100,41.1,15.2,42.9,92.5,4,1,0
2022-06-25,23.8,16.1,19.7,23.8,16.1,19.7,80.0,0.057,100,36.5,19.1,16.7,187.6,6,1,0
2022-06-26,21.0,17.0,18.7,21.0,17.0,18.7,79.8,0.016,100,48.3,14.9,29.6,146.9,6,1,0
2022-06-27,18.9,14.4,16.8,18.9,14.4,16.8,89.1,5.761,100,34.4,23.5,21.7,63.8,2,1,0
2022-06-28,22.6,10.7,16.8,22.6,10.7,16.8,73.2,0.008,100,32.9,17.9,11.3,289.7,9,1,0
2022-06-29,26.9,14.4,21.0,27.0,14.4,21.0,64.2,0.0,0,33.9,18.7,0.0,291.2,9,0,0
2022-06-30,26.6,16.4,21.5,26.6,16.4,21.5,71.1,0.34,100,55.0,26.6,16.3,235.4,7,1,0
2022-07-01,20.7,13.6,16.8,20.7,13.6,16.8,77.4,8.978,100,55.0,26.8,48.8,218.8,7,1,0
2022-07-02,21.9,11.6,17.5,21.9,11.6,17.5,67.5,0.0,0,39.6,26.7,0.0,239.3,8,0,0
2022-07-03,22.5,12.7,17.3,22.5,12.7,17.3,78.8,4.02,100,42.2,30.6,18.8,200.0,8,1,0
2022-07-04,21.5,10.0,15.9,21.5,10.0,15.9,75.3,0.067,100,45.3,26.6,34.0,247.1,9,1,0
2022-07-05,20.4,9.2,15.2,20.4,7.8,15.1,73.4,0.0,0,43.7,23.8,23.8,171.6,5,0,0
2022-07-06,19.9,10.8,15.4,19.9,10.8,15.4,77.4,1.416,100,47.8,21.5,61.3,152.7,7,1,0
2022-07-07,17.0,14.2,15.9,17.0,14.2,15.9,80.2,1.511,100,62.2,32.4,91.7,118.1,5,1,0
2022-07-08,21.6,11.7,17.1,21.6,11.7,17.1,77.2,0.004,100,37.1,20.8,60.7,191.3,7,1,0
2022-07-09,19.0,14.2,16.4,19.0,14.2,16.4,81.0,0.231,100,51.4,27.0,63.3,182.0,7,1,0
2022-07-10,17.8,11.9,15.3,17.8,11.9,15.3,83.3,1.64,100,48.2,21.6,88.6,99.9,3,1,0
2022-07-11,18.7,15.0,16.5,18.7,15.0,16.5,87.5,0.14,100,32.9,15.3,99.2,88.5,2,1,0
2022-07-12,25.8,14.1,19.6,25.8,14.1,19.6,77.3,0.0,0,27.3,14.6,34.6,210.4,7,0,0
2022-07-13,25.3,13.5,20.4,25.3,13.5,20.4,71.9,0.0,0,37.5,23.3,10.7,292.2,8,0,0
2022-07-14,20.7,9.0,15.2,20.7,8.4,15.2,76.3,0.378,100,48.9,24.4,28.0,185.3,5,1,0
2022-07-15,18.9,10.2,15.2,18.9,10.2,15.2,75.5,0.707,100,41.7,22.4,46.7,113.8,4,1,0
2022-07-16,19.5,11.8,16.1,19.5,11.8,16.1,68.2,0.169,100,41.4,24.2,54.1,264.5,8,1,0
2022-07-17,23.6,7.3,16.1,23.6,7.3,16.1,71.6,0.0,0,20.1,9.7,4.2,265.0,8,0,0
2022-07-18,29.2,12.7,21.3,28.1,12.7,21.0,59.7,0.0,0,25.2,14.8,0.0,255.0,8,0,0
2022-07-19,34.9,14.5,25.4,33.4,14.5,25.0,55.0,0.0,0,30.2,16.4,0.0,277.4,8,0,0
2022-07-20,29.6,20.1,25.0,30.0,20.1,25.1,51.5,0.0,0,41.7,27.2,1.3,266.3,8,0,0
2022-07-21,22.4,16.1,19.1,22.4,16.1,19.1,89.3,3.489,100,41.0,20.1,64.6,125.4,6,1,0
2022-07-22,18.8,13.6,16.3,18.8,13.6,16.3,76.3,0.004,100,33.5,17.5,97.5,106.3,5,1,0
2022-07-23,20.8,10.2,16.3,20.8,10.2,16.3,76.3,0.008,100,28.8,13.9,47.1,198.2,6,1,0
2022-07-24,27.8,14.9,21.2,27.9,14.9,21.2,67.1,0.0,0,43.7,26.4,3.4,260.3,8,0,0
2022-07-25,24.5,19.1,21.7,24.5,19.1,21.7,69.8,0.215,100,54.0,30.8,19.2,123.3,4,1,0
2022-07-26,19.6,14.3,17.0,19.6,14.3,17.0,74.1,0.236,100,43.7,21.4,60.8,155.0,6,1,0
2022-07-27,18.9,10.8,15.2,18.9,10.8,15.2,70.0,0.097,100,40.1,19.3,31.9,210.4,8,1,0
2022-07-28,19.7,8.2,14.4,19.7,8.2,14.4,72.8,0.0,0,36.5,18.8,31.3,175.1,6,0,0
2022-07-29,23.4,14.1,17.9,23.4,14.1,17.9,68.3,0.0,0,35.5,18.0,0.0,179.3,7,0,0
2022-07-30,23.3,10.0,17.8,23.3,10.0,17.8,76.5,0.0,0,32.8,15.7,8.5,223.1,7,0,0
2022-07-31,20.6,17.0,18.6,20.6,17.0,18.6,84.1,12.12,100,39.2,19.1,43.8,69.8,2,1,0
2022-08-01,19.9,11.4,17.4,19.9,11.4,17.4,73.8,0.4,100,35.0,15.6,53.9,254.5,8,1,0
2022-08-02,25.7,9.5,18.4,25.7,9.5,18.4,71.9,0.0,0,43.2,25.1,0.4,198.7,6,0,0
2022-08-03,27.6,17.4,22.1,28.6,17.4,22.3,75.1,0.0,0,38.1,21.1,4.6,255.8,8,0,0
2022-08-04,26.8,17.3,21.6,27.6,17.3,21.7,75.3,0.028,100,32.4,18.5,16.7,206.3,6,1,0
2022-08-05,21.5,11.5,17.6,21.5,11.5,17.6,71.5,0.039,100,53.0,27.5,26.9,214.9,7,1,0
2022-08-06,20.7,8.3,14.8,20.7,7.4,14.5,70.9,0.016,100,36.5,15.3,11.5,260.7,8,1,0
2022-08-07,21.9,8.1,15.6,21.9,8.1,15.6,72.0,0.0,0,30.9,15.4,5.4,189.5,6,0,0
2022-08-08,20.9,10.2,16.4,20.9,10.2,16.4,78.0,0.0,0,25.2,14.8,40.3,147.4,5,0,0
2022-08-09,23.6,9.9,17.1,23.6,9.9,17.1,75.9,0.0,0,30.3,18.8,14.3,248.5,7,0,0
2022-08-10,26.8,12.8,19.9,27.0,12.8,19.9,73.1,0.0,0,29.8,16.8,0.1,266.1,8,0,0
2022-08-11,28.5,13.6,21.6,27.8,13.6,21.4,66.3,0.0,0,32.9,20.8,0.0,257.0,8,0,0
2022-08-12,30.1,15.5,22.9,28.9,15.5,22.6,62.0,0.0,0,32.9,19.1,1.2,260.5,8,0,0
2022-08-13,30.3,14.8,23.3,29.2,14.8,23.0,55.5,0.0,0,38.6,17.1,0.1,245.2,7,0,0
2022-08-14,30.6,17.3,24.1,30.4,17.3,24.2,62.3,0.0,0,37.5,18.4,1.3,244.0,7,0,0
2022-08-15,27.8,17.8,22.6,28.0,17.8,22.6,72.4,2.737,100,37.5,17.7,10.4,181.0,7,1,0
2022-08-16,28.3,16.7,22.3,28.3,16.7,22.4,73.3,0.132,100,37.1,21.4,5.3,208.3,7,1,0
2022-08-18,22.5,15.3,19.2,22.5,15.3,19.2,85.5,7.43,100,42.7,17.6,73.4,122.7,5,1,0
2022-08-19,25.4,11.6,18.9,25.4,11.6,18.9,83.2,0.38,100,32.4,15.3,20.9,154.8,7,1,0
2022-08-20,22.8,14.4,19.1,22.8,14.4,19.1,72.2,7.76,100,31.4,13.5,10.0,202.7,7,1,0
2022-08-21,22.8,11.7,17.7,22.8,11.7,17.7,77.0,0.02,100,34.5,23.6,15.2,161.9,7,1,0
2022-08-22,23.6,12.6,18.1,23.6,12.6,18.1,79.5,0.015,100,35.0,13.9,10.0,187.6,7,1,0
2022-08-23,27.9,13.5,20.8,27.8,13.5,20.8,74.3,0.0,0,31.9,14.4,1.2,182.6,6,0,0
2022-08-24,29.4,14.5,22.5,29.7,14.5,22.7,74.6,0.0,0,25.2,15.0,8.1,172.2,7,0,0
2022-08-25,30.0,18.3,24.0,29.3,18.3,23.8,58.9,0.0,0,34.5,16.7,0.0,220.0,7,0,0
2022-08-26,20.9,17.3,19.6,20.9,17.3,19.6,84.1,0.402,100,41.8,23.0,86.5,53.5,2,1,0
2022-08-28,20.1,9.1,15.5,20.1,7.7,15.3,71.9,0.0,0,47.3,25.2,65.0,160.8,7,0,0
2022-08-29,21.7,15.4,17.7,21.7,15.4,17.7,76.8,0.243,100,35.0,17.8,53.8,106.5,3,1,0
2022-08-30,21.7,12.3,17.2,21.7,12.3,17.2,72.7,0.0,0,43.7,21.0,19.9,183.6,8,0,0
2022-08-31,22.6,11.5,17.3,22.6,11.5,17.3,63.6,0.0,0,47.3,27.2,7.0,214.9,7,0,0
2022-09-01,22.8,11.8,17.2,22.8,11.8,17.2,65.9,0.0,0,42.2,21.2,0.2,189.2,6,0,0
2022-09-02,24.8,11.3,18.2,24.8,11.3,18.2,57.2,0.0,0,44.7,21.5,0.0,208.4,7,0,0
2022-09-03,24.9,14.1,19.2,24.9,14.1,19.2,49.6,0.0,0,43.2,23.3,0.1,222.7,7,0,0
2022-09-04,26.6,13.2,19.8,26.6,13.2,19.8,53.1,0.0,0,36.5,15.5,0.0,186.0,6,0,0
2022-09-05,28.4,15.2,21.7,27.9,15.2,21.6,59.2,0.0,0,35.0,16.1,0.0,194.8,6,0,0
2022-09-06,27.4,17.9,21.7,27.3,17.9,21.7,62.2,0.159,100,41.1,19.0,0.0,190.5,7,1,0
2022-09-07,23.6,16.1,18.9,23.6,16.1,18.9,81.7,1.052,100,41.1,15.0,35.8,132.8,6,1,0
2022-09-08,17.9,14.5,16.5,17.9,14.5,16.5,92.2,8.303,100,36.0,14.6,38.8,36.0,2,1,0
2022-09-09,20.1,13.2,16.3,20.1,13.2,16.3,87.2,1.052,100,43.2,22.2,32.8,111.8,5,1,0
2022-09-10,19.1,13.7,16.3,19.1,13.7,16.3,87.6,0.077,100,28.8,13.5,70.2,71.4,5,1,0
2022-09-11,20.9,9.9,15.7,20.9,9.9,15.7,85.3,0.312,100,27.3,9.0,35.0,136.1,6,1,0
2022-09-12,23.8,10.7,17.1,23.8,10.7,17.1,79.2,0.045,100,30.3,18.1,2.6,153.0,6,1,0
2022-09-13,20.7,12.2,17.4,20.7,12.2,17.4,78.2,1.159,100,39.6,21.0,50.4,165.6,6,1,0
2022-09-14,19.7,11.1,15.0,19.7,11.1,15.0,78.3,0.0,0,30.3,13.4,49.3,111.1,5,0,0
2022-09-15,17.0,10.8,14.1,17.0,10.8,14.1,78.6,1.03,100,52.4,26.3,34.2,87.4,4,1,0
2022-09-16,15.9,8.3,12.5,15.9,6.2,12.3,79.9,13.648,100,73.0,36.5,47.4,101.8,4,1,0
2022-09-17,15.1,9.0,11.9,15.1,6.7,11.8,74.3,5.569,100,67.7,40.9,57.5,123.8,5,1,0
2022-09-18,13.3,9.0,11.0,13.3,7.1,10.5,84.2,14.594,100,73.0,33.2,49.6,61.5,3,1,0
2022-09-19,16.9,9.9,13.2,16.9,8.1,13.1,77.2,23.479,100,68.4,30.6,52.2,135.3,7,1,0
2022-09-20,16.6,5.8,11.4,16.6,4.2,10.9,76.8,0.88,100,40.1,19.2,17.9,125.9,5,1,0
2022-09-21,17.7,4.0,10.4,17.7,4.0,10.4,80.8,0.029,100,17.6,8.8,2.1,124.0,7,1,0
2022-09-22,17.9,3.9,10.5,17.9,3.9,10.5,78.6,0.0,0,25.6,12.9,7.6,206.3,5,0,0
2022-09-23,16.0,6.7,11.7,16.0,5.9,11.6,83.8,0.179,100,25.2,12.8,19.2,135.7,3,1,0
2022-09-24,14.9,9.1,13.2,14.9,8.0,13.2,88.8,5.196,100,43.6,21.7,82.0,45.3,1,1,0
2022-09-25,15.9,5.5,10.3,15.9,5.4,9.9,82.7,0.847,100,30.6,17.1,20.6,172.3,5,1,0
2022-09-26,13.0,10.3,11.3,13.0,10.3,11.3,91.1,3.106,100,56.2,28.1,60.8,60.1,1,1,0
2022-09-27,12.7,7.4,9.8,12.7,5.9,8.7,90.4,13.51,100,37.8,20.1,47.1,62.5,2,1,0
2022-09-28,13.2,4.9,8.3,13.2,4.3,8.1,89.9,5.263,100,22.7,10.0,44.0,95.1,5,1,0
2022-09-29,14.9,2.7,8.3,14.9,2.7,8.2,88.2,0.399,100,19.5,10.7,26.6,121.1,5,1,0
2022-09-30,16.1,3.2,10.2,16.1,1.7,9.9,84.0,0.69,100,48.6,24.6,39.3,148.6,5,1,0
2022-10-01,15.9,10.7,13.0,15.9,10.7,13.0,86.1,12.692,100,61.2,29.3,50.7,82.2,4,1,0
2022-10-02,16.9,9.0,13.0,16.9,6.9,12.7,83.6,11.732,100,45.7,25.3,35.2,110.2,4,1,0
2022-10-03,17.7,7.3,12.6,17.7,6.3,12.3,84.0,2.008,100,29.8,13.0,29.9,124.9,4,1,0
2022-10-04,17.1,10.3,13.6,17.1,10.3,13.6,81.5,0.005,100,41.8,24.5,27.3,161.0,5,1,0
2022-10-05,17.0,14.1,15.7,17.0,14.1,15.7,77.8,0.057,100,66.2,36.1,97.5,62.9,3,1,0
2022-10-06,16.9,10.3,13.2,16.9,10.3,13.2,75.0,0.33,100,61.7,34.0,12.4,119.2,5,1,0
2022-10-07,17.8,9.2,12.9,17.8,6.5,12.3,79.5,0.0,0,50.9,29.4,32.7,87.4,4,0,0
2022-10-08,15.0,7.0,12.0,15.0,5.2,11.6,81.9,0.847,100,55.0,27.1,27.2,72.7,4,1,0
2022-10-09,15.1,4.0,9.7,15.1,3.1,8.9,82.3,0.0,0,30.9,17.1,8.4,109.2,4,0,0
2022-10-10,14.8,7.1,9.9,14.8,4.7,8.8,83.7,1.08,100,51.4,22.6,20.0,58.6,3,1,0
2022-10-11,15.0,3.5,9.0,15.0,1.9,7.9,84.6,0.0,0,33.9,13.8,28.2,75.9,4,0,0
2022-10-12,15.0,3.8,8.9,15.0,3.8,8.8,82.7,0.0,0,25.2,14.9,4.8,101.1,5,0,0
2022-10-13,14.0,9.1,11.7,14.0,7.6,11.3,92.1,1.12,100,27.3,16.2,62.9,29.1,1,1,0
2022-10-14,14.0,9.7,11.9,14.0,8.7,11.7,98.3,5.08,100,27.3,13.3,82.3,22.0,1,1,0
2022-10-15,15.1,12.0,13.2,15.1,12.0,13.2,93.1,1.182,100,43.2,23.9,60.0,33.0,1,1,0
2022-10-17,16.9,10.2,14.3,16.9,10.2,14.3,93.2,3.098,100,43.2,26.1,44.7,23.4,1,1,0
2022-10-18,16.7,11.0,13.0,16.7,11.0,13.0,87.4,0.022,100,36.0,18.1,74.4,89.4,5,1,0
2022-10-19,13.1,7.4,10.6,13.1,6.6,10.1,80.5,0.077,100,29.3,15.1,59.2,57.3,3,1,0
2022-10-20,12.9,6.1,9.5,12.9,2.6,7.9,88.0,3.136,100,38.1,22.5,25.0,45.3,3,1,0
2022-10-21,16.9,11.0,14.0,16.9,11.0,14.0,93.7,2.69,100,29.9,13.3,51.1,49.6,2,1,0
2022-10-22,16.7,8.8,13.1,16.7,8.5,13.0,92.3,0.036,100,38.1,20.9,20.9,43.6,3,1,0
2022-10-23,16.7,8.6,12.6,16.7,8.4,12.6,91.5,0.389,100,38.6,22.6,12.9,40.2,2,1,0
2022-10-24,16.9,12.2,15.3,16.9,12.2,15.3,79.7,0.654,100,65.3,43.3,44.9,44.0,2,1,0
2022-10-25,16.8,11.9,13.5,16.8,11.9,13.5,90.0,0.712,100,39.6,23.5,65.8,52.3,2,1,0
2022-10-26,18.0,8.3,13.2,18.0,7.3,12.9,87.6,0.0,0,32.9,23.3,17.9,58.9,3,0,0
2022-10-27,19.0,11.6,15.4,19.0,11.6,15.4,85.3,0.042,100,34.5,18.0,8.1,53.2,3,1,0
2022-10-28,19.8,12.4,16.2,19.8,12.4,16.2,86.8,0.0,0,36.5,22.7,15.5,47.7,2,0,0
2022-10-29,19.5,10.3,14.1,19.5,10.3,14.1,94.2,0.085,100,30.3,11.4,40.8,39.7,2,1,0
2022-10-30,19.8,12.2,14.8,19.8,12.2,14.8,89.7,0.077,100,22.7,11.5,0.0,59.2,3,1,0
2022-10-31,15.1,6.8,12.0,15.1,6.8,11.8,91.8,0.0,0,34.5,16.0,0.0,50.8,3,0,0
2022-11-01,16.0,13.0,14.4,16.0,13.0,14.4,72.9,0.008,100,72.5,44.0,24.2,52.6,2,1,0
2022-11-02,14.0,10.3,11.9,14.0,10.3,11.9,77.1,3.18,100,62.7,33.6,39.0,56.9,3,1,0
2022-11-03,14.9,10.9,12.3,14.9,10.9,12.3,77.4,0.367,100,51.4,24.8,21.7,43.8,2,1,0
2022-11-04,12.9,4.9,9.6,12.9,2.4,8.8,88.9,5.986,100,45.3,24.7,46.7,55.4,4,1,0
2022-11-05,12.0,3.2,7.9,12.0,0.2,6.2,88.2,0.261,100,40.6,24.9,22.4,45.3,3,1,0
2022-11-06,12.1,8.1,9.8,12.1,4.3,8.2,88.6,1.55,100,56.1,28.3,92.9,22.1,1,1,0
2022-11-07,13.9,10.0,12.1,13.9,10.0,12.1,88.3,5.189,100,56.1,33.2,90.4,17.3,1,1,0
2022-11-08,14.1,11.0,13.1,14.1,11.0,13.1,78.9,4.458,100,53.0,27.6,6.5,34.6,2,1,0
2022-11-09,13.9,10.1,12.0,13.9,10.1,12.0,85.5,1.154,100,55.5,35.8,61.2,33.5,2,1,0
2022-11-10,13.9,9.1,11.4,13.9,6.5,10.5,88.7,1.118,100,45.8,30.5,57.7,42.0,2,1,0
2022-11-11,12.1,5.8,10.7,12.1,4.0,10.5,88.0,0.0,0,47.3,28.0,86.7,13.0,1,0,0
2022-11-12,10.0,2.2,5.9,9.4,0.4,4.9,96.7,0.0,0,29.8,9.6,16.3,20.6,1,0,0
2022-11-13,12.7,3.5,7.3,12.7,0.6,5.6,88.2,0.0,0,36.0,21.7,8.4,63.7,3,0,0
2022-11-14,9.0,6.0,7.0,6.6,2.2,4.3,88.0,0.0,0,38.1,22.9,79.5,41.8,2,0,0
2022-11-15,12.9,7.0,10.1,12.9,3.7,9.4,85.8,0.1,100,35.0,19.6,69.6,20.8,1,1,0
2022-11-16,12.0,8.0,10.4,12.0,4.2,9.7,91.3,11.672,100,51.9,26.4,70.4,35.5,3,1,0
2022-11-17,7.9,6.0,7.0,4.6,1.0,2.8,92.7,9.323,100,73.1,37.1,93.8,7.1,0,1,0
2022-11-19,3.1,-3.9,-0.7,-0.2,-7.9,-4.1,78.7,2.478,100,48.9,23.4,20.5,55.2,3,1,1
2022-11-20,3.1,-1.2,0.8,1.3,-2.6,-1.0,82.4,0.038,100,19.4,11.3,56.3,24.3,2,1,1
2022-11-21,3.2,-3.7,0.7,0.1,-6.3,-2.2,92.1,0.0,0,38.1,18.8,34.6,28.4,2,0,0
2022-11-22,7.1,2.0,5.3,4.5,-2.4,2.1,87.7,1.066,100,41.7,24.2,92.1,18.3,1,1,0
2022-11-23,10.0,6.9,8.2,7.0,4.2,5.5,88.0,0.529,100,41.7,25.1,82.4,25.3,2,1,0
2022-11-24,10.8,6.1,7.7,10.8,3.1,5.3,89.8,0.353,100,41.7,21.6,7.3,43.3,2,1,0
2022-11-25,10.9,3.6,7.5,10.9,0.5,5.2,91.9,2.263,100,35.0,20.4,54.3,34.4,2,1,0
2022-11-26,8.0,2.6,5.6,6.1,-0.5,3.0,96.2,0.162,100,30.6,16.6,7.3,22.8,1,1,0
2022-11-27,7.0,5.9,6.1,4.1,2.3,2.9,88.0,0.487,100,38.2,19.1,47.1,9.5,0,1,0
2022-11-28,8.8,6.0,7.5,7.0,2.7,5.2,96.9,5.08,100,33.9,17.2,98.8,7.8,0,1,0
2022-11-29,9.7,6.3,7.4,8.0,4.0,5.7,95.8,2.209,100,26.7,13.2,98.6,10.5,1,1,0
2022-11-30,6.9,5.9,6.1,6.9,3.1,4.3,91.7,0.0,0,23.1,14.8,95.0,10.4,1,0,0
2022-12-01,6.1,1.4,4.8,4.8,1.0,3.1,90.2,0.0,0,27.3,13.5,74.4,25.1,2,0,0
2022-12-02,3.1,2.0,2.3,-0.4,-2.9,-1.9,84.7,0.0,0,48.3,24.0,89.3,10.9,1,0,0
2022-12-03,4.2,0.0,2.4,0.6,-5.2,-2.3,80.9,0.0,0,48.3,27.2,71.3,13.9,1,0,0
2022-12-04,4.2,0.0,1.7,0.2,-4.9,-3.0,83.5,0.0,0,53.0,26.2,99.6,6.6,0,0,0
2022-12-05,5.2,4.2,5.1,2.8,0.1,1.7,95.1,0.515,100,42.2,23.1,96.7,3.5,0,1,0
2022-12-06,6.1,0.1,4.4,4.4,-1.8,2.4,92.8,0.97,100,31.4,13.2,85.2,26.3,2,1,0
2022-12-07,5.9,1.5,3.4,3.1,-2.1,0.1,89.3,2.554,100,57.1,19.9,57.7,18.3,1,1,0
2022-12-08,4.0,-4.2,0.7,1.6,-6.5,-1.6,93.9,3.741,100,43.2,15.6,49.5,20.5,1,1,1
2022-12-09,0.3,-5.3,-2.1,-1.5,-7.5,-4.5,97.1,0.008,100,29.3,13.0,45.3,19.5,1,1,1
2022-12-10,-0.7,-3.4,-1.8,-3.9,-7.4,-5.7,96.2,0.0,0,26.2,13.4,73.1,7.3,1,0,0
2022-12-11,1.0,-1.7,-0.1,-1.8,-6.1,-3.0,95.2,0.003,100,27.3,13.1,98.8,7.2,0,1,1
2022-12-12,1.1,-5.5,-0.9,0.0,-7.1,-2.8,86.3,0.0,0,18.5,9.2,73.3,20.9,1,0,0
2022-12-13,0.1,-7.0,-4.2,-3.6,-9.4,-6.7,91.9,0.0,0,20.1,12.6,4.9,31.0,2,0,0
2022-12-14,-0.1,-9.2,-5.5,-0.1,-11.9,-7.2,88.0,0.048,100,24.1,11.8,2.7,36.5,2,0,1
2022-12-15,2.9,-5.6,-1.1,-1.3,-10.2,-5.4,90.7,0.528,100,34.5,18.4,48.2,33.9,2,1,1
2022-12-16,1.8,-1.8,0.0,0.2,-6.2,-2.1,94.7,0.35,100,35.5,15.9,92.7,8.9,0,1,1
2022-12-17,-0.2,-3.8,-2.0,-4.8,-9.3,-7.2,95.8,0.0,0,37.5,21.0,88.0,18.8,1,0,0
2022-12-18,0.8,-6.8,-3.2,-4.4,-11.9,-7.8,83.1,0.0,0,38.6,21.2,15.9,19.3,1,0,0
2022-12-19,8.8,0.1,5.6,5.7,-5.5,1.4,91.7,2.363,100,50.8,26.1,86.3,4.8,0,1,1
2022-12-20,10.8,7.8,9.7,10.8,5.8,7.4,92.6,0.738,100,48.9,28.2,83.9,6.9,1,1,0
2022-12-21,7.9,5.7,7.1,6.3,3.0,4.3,95.6,0.923,100,40.6,24.7,89.4,21.8,2,1,0
2022-12-22,8.8,4.6,7.2,6.8,2.8,5.1,96.1,0.99,100,34.5,20.5,88.5,27.3,2,1,0
2022-12-23,7.1,5.1,6.6,7.0,3.3,5.2,97.9,7.493,100,29.3,16.6,97.0,8.6,1,1,0
2022-12-24,9.8,4.3,7.1,7.3,1.5,4.6,95.3,4.583,100,36.0,20.1,75.3,10.5,1,1,0
2022-12-27,6.9,3.2,4.9,3.2,-1.3,0.9,86.5,0.177,100,52.5,30.8,50.5,28.4,2,1,0
2022-12-28,9.8,5.1,8.0,6.1,0.5,4.0,93.4,3.979,100,61.7,36.0,93.8,5.5,0,1,0
2022-12-29,10.8,7.0,9.1,10.8,2.7,5.7,85.5,4.381,100,66.3,42.3,82.6,10.2,1,1,0
2022-12-30,11.8,5.0,7.4,11.8,0.8,4.0,87.6,0.644,100,66.9,37.6,48.9,13.8,1,1,0
2023-01-01,14.0,10.0,11.6,14.0,8.1,11.5,81.1,14.204,100,69.4,43.7,45.8,20.3,1,1,0
2023-01-02,10.9,3.7,8.5,10.9,0.6,6.7,94.0,6.944,100,41.1,21.2,83.8,11.9,1,1,0
2023-01-03,8.0,1.5,4.5,4.2,-2.1,1.2,93.2,0.037,100,49.4,26.8,66.3,11.1,1,1,0
2023-01-04,12.0,8.0,10.4,12.0,3.7,9.2,90.5,10.83,100,74.5,43.4,91.3,8.0,0,1,0
2023-01-05,10.0,9.0,9.6,8.3,5.3,6.9,91.0,2.629,100,63.3,32.0,95.1,12.0,1,1,0
2023-01-06,10.8,6.1,8.8,10.8,3.2,6.8,89.2,1.44,100,64.8,33.8,50.9,27.1,2,1,0
2023-01-07,11.0,7.9,10.0,11.0,5.3,8.8,85.5,0.294,100,51.4,28.0,68.8,24.5,1,1,0
2023-01-08,9.9,6.1,8.2,6.9,2.6,5.2,83.9,0.241,100,54.5,27.1,40.1,36.3,2,1,0
2023-01-09,7.1,3.7,6.1,4.8,0.4,3.0,91.5,0.878,100,43.2,22.3,70.7,9.4,1,1,0
2023-01-10,8.0,3.8,6.1,3.9,0.6,2.4,91.1,3.596,100,67.9,35.4,73.3,15.7,1,1,0
2023-01-11,10.8,8.0,9.1,10.8,3.4,6.0,87.7,5.091,100,67.9,38.0,84.0,25.3,2,1,0
2023-01-12,11.7,8.0,10.0,11.7,3.8,8.3,91.4,7.898,100,72.5,41.6,85.0,11.9,1,1,0
2023-01-13,10.0,6.4,8.1,10.0,2.3,4.0,81.5,3.654,100,77.7,45.5,74.5,10.7,1,1,0
2023-01-14,10.7,5.5,7.3,10.7,2.0,3.7,90.4,14.486,100,67.4,34.8,67.9,5.2,0,1,0
2023-01-15,6.9,5.0,5.7,2.2,-0.6,1.0,81.6,3.641,100,81.3,46.9,64.1,17.7,2,1,0
2023-01-16,4.2,2.5,3.7,2.6,-1.0,0.5,92.9,3.843,100,46.8,19.4,71.7,7.3,0,1,0
2023-01-17,5.0,-0.4,2.4,0.9,-4.7,-2.0,79.1,7.747,100,69.4,29.8,32.1,43.8,2,1,1
2023-01-18,4.0,-2.2,0.9,-0.7,-6.2,-3.9,86.1,1.435,100,60.7,35.3,30.8,41.5,2,1,1
2023-01-19,5.9,-2.1,2.3,2.6,-6.2,-1.6,87.3,4.53,100,54.0,24.4,44.9,36.9,2,1,1
2023-01-20,1.1,-2.9,0.2,-1.1,-7.6,-3.7,90.3,0.0,0,32.9,18.0,90.8,9.4,0,0,0
2023-01-21,4.0,-3.8,0.0,1.2,-5.0,-1.8,88.3,0.055,100,24.7,13.2,41.0,44.9,3,1,1
2023-01-22,2.3,-0.5,1.3,-0.7,-5.1,-2.6,86.4,0.0,0,38.1,22.2,88.8,16.5,1,0,0
2023-01-23,3.2,2.1,2.7,3.0,-1.0,0.4,87.4,0.0,0,24.2,11.5,100.0,15.8,1,0,0
2023-01-24,3.0,0.1,1.8,2.2,-2.2,-0.3,87.3,0.0,0,21.6,12.3,100.0,11.0,0,0,0
2023-01-25,0.2,-0.9,-0.4,0.1,-5.8,-4.3,93.7,0.005,100,34.5,17.6,100.0,9.2,1,1,1
2023-01-26,8.6,0.1,3.6,6.3,-4.3,0.6,90.2,0.639,100,39.1,18.1,73.6,33.3,2,1,1
2023-01-27,4.1,2.1,3.5,1.0,-0.7,0.1,80.1,0.0,0,42.2,23.8,99.6,13.8,1,0,0
2023-01-28,5.0,-0.5,2.8,2.1,-3.8,0.5,80.5,0.004,100,24.2,14.4,81.3,41.5,2,1,0
2023-01-29,6.0,3.3,4.5,1.3,-0.6,0.3,89.9,0.333,100,52.9,32.5,98.3,12.6,1,1,0
2023-01-30,7.9,5.1,6.4,3.3,-0.1,1.9,80.0,2.244,100,84.3,41.4,66.6,42.0,3,1,0
2023-01-31,8.8,2.6,5.9,5.0,-1.0,1.7,84.0,0.22,100,66.3,33.5,49.3,13.7,1,1,0
2023-02-01,7.9,6.0,6.5,3.5,1.2,1.9,77.8,1.468,100,86.4,38.9,70.0,18.7,1,1,0
2023-02-02,8.8,3.7,6.2,5.5,0.0,3.4,89.8,1.385,100,62.2,27.4,78.8,17.4,1,1,0
2023-02-03,9.1,7.0,8.4,5.4,3.0,4.5,79.4,0.276,100,66.9,37.0,53.0,37.3,3,1,0
2023-02-04,7.0,3.8,5.5,5.5,1.0,3.6,82.3,0.0,0,54.0,15.4,34.2,58.1,3,0,0
2023-02-05,8.0,3.9,5.8,4.2,1.0,2.4,84.6,1.219,100,64.3,32.9,65.3,58.0,3,1,0
2023-02-06,8.0,-1.4,3.0,6.9,-3.3,1.8,90.7,0.0,0,35.0,12.9,11.7,57.3,3,0,0
2023-02-07,4.1,-3.3,-0.5,1.9,-5.8,-2.1,88.0,0.0,0,24.2,11.8,5.7,74.5,3,0,0
2023-02-08,6.0,-5.2,-0.3,3.2,-8.1,-2.2,73.9,0.0,0,25.7,18.2,0.2,75.8,3,0,0
2023-02-09,4.1,-0.7,1.5,1.1,-5.6,-2.5,74.4,0.008,100,33.1,20.8,36.9,31.6,2,1,0
2023-02-10,7.9,-0.2,3.7,4.3,-4.2,-0.2,87.5,0.0,0,48.9,32.1,31.2,58.1,3,0,0
2023-02-11,9.7,3.8,7.2,7.4,1.5,4.3,89.0,0.019,100,45.3,22.5,94.7,25.3,1,1,0
2023-02-12,8.9,5.1,6.6,7.6,3.0,5.1,91.6,0.025,100,26.7,11.9,100.0,26.2,2,1,0
2023-02-13,8.7,0.4,5.9,7.2,-1.3,4.8,87.0,0.0,0,16.5,9.9,76.3,25.4,1,0,0
2023-02-14,11.7,-0.4,3.7,11.7,-2.3,2.5,91.9,0.0,0,20.1,11.3,15.4,81.2,4,0,0
2023-02-15,10.8,-2.5,3.7,10.8,-3.7,2.3,86.6,0.0,0,24.2,14.9,28.5,69.0,3,0,0
2023-02-16,9.8,4.2,7.1,7.5,1.0,4.2,88.5,0.527,100,34.5,23.2,66.3,29.1,2,1,0
2023-02-17,11.9,6.4,9.6,11.9,3.4,7.3,85.7,0.994,100,79.2,44.2,70.4,28.3,1,1,0
2023-02-18,11.6,6.3,8.9,11.6,3.1,6.9,88.3,3.373,100,68.9,38.7,83.3,28.4,2,1,0
2023-02-19,8.6,4.4,6.5,6.9,1.3,4.4,85.8,2.56,100,36.0,20.8,66.9,58.8,3,1,0
2023-02-20,10.9,5.2,8.4,10.9,1.2,5.2,87.4,0.0,0,65.3,35.3,77.9,26.3,1,0,0
2023-02-21,10.8,8.1,9.3,10.8,5.9,7.3,92.2,0.005,100,50.4,26.5,97.1,23.0,1,1,0
2023-02-22,9.1,7.1,8.0,8.3,4.8,6.8,92.0,0.0,0,25.2,13.5,57.9,43.0,2,0,0
2023-02-23,8.0,2.7,6.3,6.2,-0.2,4.2,87.7,0.565,100,43.7,19.8,95.0,18.9,1,1,0
2023-02-24,7.9,1.0,4.8,4.0,-3.3,0.7,84.2,4.081,100,68.9,30.3,62.1,41.9,3,1,0
2023-02-25,5.1,2.9,4.3,1.8,-1.3,0.0,67.9,0.739,100,63.8,33.4,49.4,105.7,5,1,0
2023-02-26,6.0,-1.2,2.4,1.9,-5.0,-1.2,63.2,0.006,100,62.7,24.5,28.2,89.8,4,1,0
2023-02-27,7.0,-3.7,2.0,4.1,-3.7,0.6,80.5,0.0,0,34.5,21.7,50.3,89.3,4,0,0
2023-02-28,7.0,-2.1,3.4,6.0,-3.2,1.8,84.7,1.754,100,19.5,11.4,46.0,112.5,5,1,0
2023-03-01,7.7,-6.0,1.2,5.1,-6.0,-0.6,87.1,0.0,0,38.6,24.1,28.9,119.8,5,0,0
2023-03-02,6.6,0.4,2.5,3.9,-4.3,-1.1,92.2,0.0,0,38.6,18.8,72.5,96.7,4,0,0
2023-03-03,7.1,-3.2,3.5,4.5,-5.4,1.3,84.9,0.0,0,36.5,17.5,97.5,51.9,3,0,0
2023-03-04,6.1,3.2,5.2,2.9,-0.4,1.8,80.7,0.56,100,51.9,24.2,96.7,58.5,4,1,0
2023-03-05,6.1,1.5,3.5,2.7,-2.1,0.0,84.3,0.638,100,46.3,25.9,54.6,81.3,4,1,0
2023-03-06,5.9,-0.6,2.9,3.7,-3.2,-0.4,84.2,3.41,100,49.4,27.3,66.7,90.3,5,1,1
2023-03-07,5.0,-1.3,2.6,2.0,-5.6,-1.5,81.5,3.402,100,60.7,24.9,42.1,70.5,4,1,1
2023-03-08,4.0,-3.1,0.4,2.1,-7.2,-2.3,82.4,0.111,100,36.5,13.1,6.2,69.7,3,1,1
2023-03-09,3.9,0.1,1.6,1.0,-4.6,-2.0,86.7,0.812,100,31.4,18.8,72.9,61.7,3,1,1
2023-03-10,1.2,0.1,0.8,-3.4,-5.5,-4.5,94.8,10.048,100,56.6,25.7,91.5,17.2,1,1,1
2023-03-11,5.9,-5.3,0.7,2.1,-9.6,-3.3,80.8,2.715,100,54.5,23.6,26.6,130.5,5,1,1
2023-03-12,8.8,-2.3,3.3,5.8,-5.9,-0.1,90.4,0.846,100,43.7,26.0,52.5,27.1,1,1,0
2023-03-13,14.8,8.8,11.4,14.8,5.2,10.4,78.8,4.184,100,98.7,53.9,66.7,96.3,4,1,0
2023-03-14,10.7,0.6,6.1,10.7,-3.4,2.2,76.2,6.807,100,69.9,35.5,60.4,87.1,4,1,1
2023-03-15,8.7,-1.8,3.4,5.6,-6.5,0.3,73.4,0.105,100,52.5,23.5,12.5,153.8,6,1,1
2023-03-16,9.0,2.1,5.9,5.9,-1.2,2.3,68.9,0.656,100,52.5,27.6,26.7,55.0,2,1,0
2023-03-17,15.6,6.9,10.6,15.6,4.1,9.5,66.3,0.01,100,38.6,21.6,1.3,106.4,5,1,0
2023-03-18,15.7,8.0,11.3,15.7,6.1,10.7,84.9,0.653,100,31.4,17.1,27.5,90.4,5,1,0
2023-03-19,11.8,7.8,9.8,11.8,5.1,8.5,90.5,0.63,100,31.4,18.1,75.4,63.1,3,1,0
2023-03-20,10.0,7.0,8.1,7.0,4.1,5.3,89.7,0.859,100,37.0,25.3,97.5,47.5,2,1,0
2023-03-21,12.0,8.9,9.9,12.0,6.3,8.3,92.9,4.687,100,42.2,26.5,90.4,45.3,2,1,0
2023-03-22,11.0,9.2,10.3,11.0,6.2,9.4,89.3,0.905,100,61.7,34.1,79.2,28.6,1,1,0
2023-03-23,14.6,10.1,11.8,14.6,10.1,11.8,79.4,17.703,100,62.2,38.1,57.0,116.4,6,1,0
2023-03-24,13.7,9.9,11.4,13.7,6.2,10.7,77.4,8.789,100,59.7,41.1,68.0,139.1,7,1,0
2023-03-25,11.5,7.9,9.1,11.5,4.0,6.0,83.9,3.697,100,73.5,41.2,95.4,53.2,3,1,0
2023-03-26,7.9,4.2,6.3,5.1,1.0,3.4,71.9,0.018,100,56.6,22.2,78.7,104.5,3,1,0
2023-03-27,6.8,1.5,4.1,2.3,-2.4,-0.1,72.4,0.451,100,64.3,34.7,38.1,149.3,6,1,1
2023-03-28,7.9,-0.9,4.1,4.5,-4.8,0.6,71.8,0.223,100,57.1,23.1,49.3,124.0,5,1,1
2023-03-29,12.8,5.0,8.5,12.8,1.4,6.6,84.3,1.152,100,41.7,24.8,90.4,89.5,4,1,0
2023-03-30,14.7,10.9,12.1,14.7,10.9,12.1,81.8,0.648,100,66.9,38.4,78.3,81.5,4,1,0
2023-03-31,12.7,9.0,10.6,12.7,6.8,9.8,90.5,6.091,100,48.9,25.4,71.2,52.6,2,1,0
2023-04-01,10.6,5.1,8.6,10.6,0.1,5.7,92.9,6.503,100,60.2,33.7,96.7,45.5,2,1,0
2023-04-02,8.8,1.3,4.9,5.4,-4.4,0.4,69.2,0.0,0,57.1,31.4,26.7,193.2,6,0,0
2023-04-03,8.8,-1.7,3.9,6.1,-5.6,0.6,64.6,0.0,0,39.6,21.3,0.0,206.5,7,0,0
2023-04-04,7.9,-2.4,3.7,6.9,-2.7,1.8,67.4,0.0,0,28.3,16.3,1.8,192.4,7,0,0
2023-04-05,9.9,-3.2,3.7,9.1,-3.2,2.7,68.2,0.0,0,27.8,11.4,0.0,206.3,6,0,0
2023-04-06,12.0,-1.3,6.0,12.0,-3.8,4.1,68.6,0.487,100,42.2,23.8,42.1,125.3,4,1,0
2023-04-07,13.0,6.1,8.8,13.0,3.0,7.0,78.9,1.687,100,45.3,17.8,69.2,124.1,5,1,0
2023-04-08,10.7,2.4,6.4,10.7,-1.0,4.2,87.2,0.0,0,38.6,16.5,60.0,96.1,4,0,0
2023-04-09,13.9,7.0,9.9,13.9,5.7,9.2,74.7,0.0,0,31.9,14.9,71.7,162.3,8,0,0
2023-04-10,15.9,6.1,10.6,15.9,3.5,9.7,68.4,3.197,100,64.3,33.6,19.6,112.1,5,1,0
2023-04-11,10.9,5.0,8.2,10.9,2.7,5.5,78.4,6.955,100,63.3,31.2,60.0,98.8,5,1,0
2023-04-12,12.6,6.0,8.7,12.6,3.3,6.7,77.3,10.232,100,45.8,23.1,48.8,102.8,6,1,0
2023-04-13,10.1,5.2,7.6,10.1,1.9,4.6,80.3,4.824,100,54.5,33.1,61.3,86.5,3,1,0
2023-04-14,14.6,2.4,8.5,14.6,-0.1,7.4,69.1,0.0,0,34.5,20.9,5.8,197.7,7,0,0
2023-04-15,9.0,3.6,7.0,5.9,1.2,4.1,89.9,0.388,100,49.4,26.6,57.9,47.8,2,1,0
2023-04-16,12.6,7.1,9.3,12.6,4.5,7.9,91.5,0.0,0,40.6,16.8,78.8,112.6,4,0,0
2023-04-17,14.7,6.9,10.0,14.7,5.1,9.1,81.9,0.006,100,37.0,21.0,54.1,203.1,7,1,0
2023-04-18,13.5,6.3,9.4,13.5,2.9,7.5,67.6,0.0,0,53.0,34.2,10.4,217.0,7,0,0
2023-04-19,12.8,4.3,9.2,12.8,0.6,7.3,61.4,0.0,0,54.0,35.9,0.0,237.6,7,0,0
2023-04-20,11.7,6.2,8.4,11.7,2.5,5.7,74.3,1.132,100,49.9,31.5,56.3,106.3,5,1,0
2023-04-21,19.3,8.0,13.4,19.3,4.2,12.2,65.8,0.436,100,57.6,29.8,6.7,196.7,7,1,0
2023-04-22,18.7,7.3,12.3,18.7,6.3,11.9,83.4,2.382,100,44.2,19.4,28.8,143.2,7,1,0
2023-04-23,17.7,6.2,11.4,17.7,4.1,10.7,82.3,1.423,100,50.9,23.1,46.5,171.5,6,1,0
2023-04-24,10.9,7.1,9.2,10.9,3.9,7.0,89.8,11.11,100,53.0,29.1,92.9,41.8,2,1,0
2023-04-25,9.5,3.6,6.6,6.4,0.1,3.2,71.0,0.196,100,58.6,30.1,58.2,183.3,6,1,0
2023-04-26,8.1,1.9,5.4,5.7,-1.0,2.8,74.8,0.495,100,51.9,23.9,40.9,124.8,4,1,1
2023-04-27,10.9,-0.9,6.0,10.9,-2.5,4.7,75.0,0.049,100,33.9,16.3,5.8,154.5,6,1,1
2023-04-28,11.7,4.4,8.4,11.7,1.4,6.6,84.3,6.757,100,35.0,17.1,49.2,64.2,3,1,0
2023-04-29,13.5,7.0,10.3,13.5,5.5,9.1,77.6,0.269,100,35.0,19.2,62.7,224.9,8,1,0
2023-04-30,15.4,2.5,8.8,15.4,2.3,8.4,77.6,0.0,0,27.8,14.1,20.0,227.5,8,0,0
2023-05-01,17.5,5.1,11.4,17.5,3.4,10.8,71.6,0.006,100,31.9,18.1,5.0,185.0,7,1,0
2023-05-02,10.9,5.4,8.5,10.9,3.5,6.0,70.2,0.117,100,47.8,23.9,92.4,129.4,5,1,0
2023-05-03,10.9,3.1,7.4,10.9,3.0,6.6,72.8,0.0,0,33.4,18.8,65.1,161.8,6,0,0
2023-05-04,17.6,4.3,11.1,17.6,1.1,9.8,68.5,0.0,0,42.2,25.1,0.0,236.0,8,0,0
2023-05-05,18.4,9.8,12.8,18.4,7.5,12.5,80.4,9.091,100,35.0,19.4,29.0,133.8,6,1,0
2023-05-06,16.7,7.7,12.9,16.7,7.7,12.9,90.6,7.948,100,43.7,22.4,52.9,135.9,7,1,0
2023-05-07,17.8,10.0,13.4,17.8,7.6,13.3,84.1,1.179,100,38.9,20.5,41.7,169.0,7,1,0
2023-05-08,21.5,9.0,14.5,21.5,7.4,14.3,80.6,1.79,100,28.1,17.4,23.0,192.5,7,1,0
2023-05-09,18.7,13.1,15.2,18.7,13.1,15.2,92.9,4.944,100,28.8,17.1,78.8,65.4,3,1,0
2023-05-10,14.7,11.5,12.9,14.7,11.5,12.9,93.1,5.787,100,30.9,16.2,96.3,64.8,2,1,0
2023-05-11,15.3,9.9,11.8,15.3,9.0,11.7,92.1,0.083,100,32.9,16.5,88.8,117.5,5,1,0
2023-05-12,21.3,10.9,15.4,21.3,10.9,15.4,77.7,2.189,100,43.2,25.5,39.2,220.6,8,1,0
2023-05-13,20.3,10.9,15.2,20.3,10.9,15.2,69.2,0.0,0,40.1,22.7,2.4,280.4,8,0,0
2023-05-14,20.2,10.0,14.1,20.2,8.8,14.1,78.3,0.0,0,35.0,18.1,6.3,207.3,7,0,0
2023-05-15,15.3,8.4,11.4,15.3,5.8,11.0,86.4,0.068,100,50.4,26.9,70.0,187.4,7,1,0
2023-05-16,12.8,6.6,10.1,12.8,4.2,9.2,74.9,0.86,100,57.1,30.0,52.5,181.8,6,1,0
2023-05-17,12.5,7.3,9.5,12.5,4.6,8.2,64.8,0.024,100,44.2,20.8,85.0,158.9,6,1,0
2023-05-18,13.8,7.2,10.0,13.8,5.7,9.5,66.8,0.0,0,34.5,20.4,65.2,185.6,5,0,0
2023-05-19,17.6,4.9,12.1,17.6,3.3,11.6,72.0,0.0,0,43.7,23.3,1.4,281.5,8,0,0
2023-05-20,17.7,9.4,14.0,17.7,7.9,13.7,69.0,0.0,0,49.4,27.4,26.3,208.7,7,0,0
2023-05-21,21.2,12.0,16.2,21.2,12.0,16.2,77.1,0.0,0,38.6,20.8,35.7,217.3,7,0,0
2023-05-22,22.0,13.2,17.0,22.0,13.2,17.0,84.7,0.459,100,45.2,22.7,19.0,191.7,8,1,0
2023-05-23,13.7,8.5,12.0,13.7,6.5,11.9,77.5,0.318,100,60.2,33.5,89.2,203.3,7,1,0
2023-05-24,14.0,5.3,10.8,14.0,3.2,10.1,77.3,0.0,0,41.0,23.4,61.1,170.9,5,0,0
2023-05-25,14.9,5.1,10.6,14.9,4.1,10.3,77.4,0.0,0,41.7,24.6,46.8,232.4,8,0,0
2023-05-26,14.9,7.4,11.1,14.9,5.2,10.3,70.3,0.0,0,39.6,22.5,29.7,250.6,8,0,0
2023-05-27,18.4,4.2,12.0,18.4,2.9,11.7,77.2,0.0,0,30.9,17.6,23.9,286.1,8,0,0
2023-05-28,18.7,9.3,13.6,18.7,8.1,13.5,74.6,0.0,0,42.2,25.5,5.2,288.4,8,0,0
2023-05-29,14.9,8.3,11.5,14.9,6.3,11.1,69.0,0.0,0,43.7,25.5,25.4,261.7,8,0,0
2023-05-30,14.0,10.2,12.1,14.0,10.2,12.1,77.9,0.005,100,40.1,18.7,95.0,82.2,2,1,0
2023-05-31,17.5,6.8,12.8,17.5,5.7,12.7,81.1,0.0,0,38.1,23.1,19.9,286.3,8,0,0
2023-06-01,13.0,10.9,11.6,13.0,10.9,11.6,79.0,0.012,100,40.1,19.6,100.0,73.3,2,1,0
2023-06-02,18.5,10.1,14.3,18.5,10.1,14.3,69.0,0.0,0,42.2,24.3,61.2,254.9,8,0,0
2023-06-03,19.7,7.3,14.4,19.7,5.2,14.1,57.0,0.0,0,38.1,24.7,0.0,290.8,8,0,0
2023-06-04,18.5,6.8,13.3,18.5,6.0,13.2,74.0,0.0,0,34.5,19.1,0.0,292.0,8,0,0
2023-06-05,17.7,9.5,13.3,17.7,8.6,13.2,74.6,0.0,0,31.9,17.5,45.8,279.0,8,0,0
2023-06-06,17.7,8.5,13.3,17.7,7.5,13.2,76.4,0.0,0,36.0,20.9,8.8,297.9,8,0,0
2023-06-07,18.5,9.4,13.6,18.5,8.1,13.5,76.2,0.0,0,34.5,19.2,25.8,301.9,8,0,0
2023-06-08,19.3,11.1,14.6,19.3,11.1,14.6,75.1,0.0,0,40.6,24.7,38.7,288.2,8,0,0
2023-06-09,26.5,11.1,18.1,26.5,11.1,18.1,70.6,0.0,0,40.6,26.3,0.0,285.0,8,0,0
2023-06-10,25.1,11.5,19.2,25.1,11.5,19.2,66.4,0.0,0,38.6,19.5,0.0,306.8,8,0,0
2023-06-11,29.8,16.4,22.9,28.7,16.4,22.7,57.5,0.0,0,39.6,19.3,0.0,290.9,8,0,0
2023-06-12,28.1,13.4,21.8,27.5,13.4,21.6,52.6,0.0,0,38.1,19.7,0.0,284.4,8,0,0
2023-06-13,24.2,13.5,20.1,24.2,13.5,20.1,46.9,0.0,0,45.2,24.3,0.0,304.4,8,0,0
2023-06-14,24.4,12.5,19.3,24.4,12.5,19.3,55.9,0.0,0,45.8,26.3,0.0,274.2,8,0,0
2023-06-15,25.5,11.7,19.5,25.5,11.7,19.5,56.0,0.0,0,38.6,24.6,0.4,296.0,8,0,0
2023-06-16,23.3,10.1,17.7,23.3,10.1,17.7,66.4,0.0,0,33.9,24.2,0.2,303.0,8,0,0
2023-06-17,24.0,12.0,18.1,24.0,12.0,18.1,76.6,0.0,0,29.3,13.2,38.9,288.7,8,0,0
2023-06-18,27.3,12.3,20.2,27.1,12.3,20.2,69.8,0.0,0,29.8,15.6,13.2,215.3,7,0,0
2023-06-19,23.7,15.4,21.0,23.7,15.4,21.0,67.0,0.02,100,47.5,28.6,40.4,183.1,7,1,0
2023-06-20,27.7,15.0,20.9,28.4,15.0,21.1,75.9,0.684,100,47.3,19.6,21.9,181.1,7,1,0
2023-06-21,25.3,17.9,21.2,25.3,17.9,21.2,76.0,5.2,100,47.3,22.6,35.0,262.3,8,1,0
2023-06-22,24.6,13.2,19.0,24.6,13.2,19.0,78.0,0.02,100,40.6,23.3,22.4,197.0,8,1,0
2023-06-23,23.4,16.3,19.6,23.4,16.3,19.6,72.2,2.594,100,42.7,23.5,20.8,297.3,8,1,0
2023-06-24,27.3,12.4,20.4,27.4,12.4,20.4,70.4,0.0,0,34.5,16.5,0.0,211.3,6,0,0
2023-06-25,30.6,15.1,23.4,30.0,15.1,23.3,63.6,0.0,0,27.3,16.5,0.2,297.2,8,0,0
2023-06-26,22.5,12.9,20.3,22.5,12.9,20.3,65.8,0.451,100,50.9,28.3,29.6,249.3,8,1,0
2023-06-27,20.9,11.2,16.5,20.9,11.2,16.5,69.4,0.0,0,43.2,25.6,26.3,179.8,5,0,0
2023-06-28,19.0,11.0,15.6,19.0,11.0,15.6,91.0,1.656,100,30.9,16.3,71.7,54.3,2,1,0
2023-06-29,23.3,16.1,19.1,23.3,16.1,19.1,86.2,0.297,100,39.1,22.1,60.8,94.1,5,1,0
2023-06-30,21.8,11.0,17.4,21.8,11.0,17.4,69.4,0.206,100,41.1,20.1,22.7,244.5,7,1,0
2023-07-01,19.1,15.3,17.4,19.1,15.3,17.4,80.4,3.304,100,49.9,32.1,79.2,311.5,3,1,0
2023-07-02,18.9,13.4,16.5,18.9,13.4,16.5,64.9,0.0,0,59.7,33.1,30.4,155.4,7,0,0
2023-07-03,18.6,12.3,15.9,18.6,12.3,15.9,68.9,1.046,100,59.1,28.5,37.3,126.2,6,1,0
2023-07-04,19.9,10.7,15.6,19.9,10.7,15.6,72.3,3.322,100,55.0,34.2,31.0,245.9,9,1,0
2023-07-05,17.5,12.2,14.5,17.5,12.2,14.5,82.3,5.672,100,88.5,52.5,67.5,75.7,2,1,0
2023-07-06,21.9,10.7,16.2,21.9,10.7,16.2,74.5,0.008,100,45.3,20.7,17.0,238.5,9,1,0
2023-07-07,26.0,9.0,18.9,26.0,8.7,18.9,64.2,0.0,0,35.0,18.1,0.0,302.5,9,0,0
2023-07-08,31.1,15.2,23.2,30.2,15.2,23.1,56.5,0.0,0,35.0,20.7,0.0,293.8,8,0,0
2023-07-09,31.2,18.1,23.0,32.4,18.1,23.4,70.1,2.31,100,69.4,24.6,4.6,211.8,7,1,0
2023-07-10,23.7,16.2,20.2,23.7,16.2,20.2,75.3,0.159,100,38.6,24.1,41.5,290.0,9,1,0
2023-07-11,28.5,14.6,21.2,28.4,14.6,21.3,69.7,0.005,100,47.8,30.5,2.1,186.2,7,1,0
2023-07-12,21.9,15.5,18.7,21.9,15.5,18.7,79.0,21.777,100,47.3,26.3,36.6,239.3,8,1,0
2023-07-13,22.3,14.4,17.9,22.3,14.4,17.9,73.8,0.469,100,55.0,26.4,40.8,234.4,9,1,0
2023-07-14,22.0,12.5,18.1,22.0,12.5,18.1,74.5,0.015,100,45.8,21.4,17.9,217.3,9,1,0
2023-07-15,26.6,18.1,21.7,26.6,18.1,21.7,67.2,4.055,100,63.8,33.7,24.5,200.9,9,1,0
2023-07-16,21.0,15.5,18.3,21.0,15.5,18.3,66.6,0.122,100,70.6,37.6,42.9,123.9,5,1,0
2023-07-17,20.8,13.6,17.3,20.8,13.6,17.3,73.3,3.566,100,54.0,27.7,42.0,244.3,10,1,0
2023-07-18,21.5,11.7,16.8,21.5,11.7,16.8,78.6,0.025,100,36.5,14.9,21.3,157.3,8,1,0
2023-07-19,20.5,14.3,17.1,20.5,14.3,17.1,77.2,0.23,100,33.9,20.7,46.5,193.6,10,1,0
2023-07-20,19.8,9.3,16.0,19.8,8.3,16.0,73.6,0.604,100,33.9,17.1,32.4,210.1,9,1,0
2023-07-21,20.2,9.0,14.8,20.2,9.0,14.8,79.1,1.237,100,39.6,19.2,20.0,137.5,7,1,0
2023-07-22,17.8,9.1,14.4,17.8,8.3,14.2,89.7,3.343,100,40.6,20.1,32.1,92.9,4,1,0
2023-07-23,21.7,14.1,16.8,21.7,14.1,16.8,87.3,10.596,100,52.5,31.7,72.5,76.8,3,1,0
2023-07-24,20.9,13.6,17.2,20.9,13.6,17.2,85.1,1.769,100,51.9,25.5,68.8,87.8,5,1,0
2023-07-25,17.9,11.0,14.7,17.9,11.0,14.7,75.9,0.297,100,41.7,23.5,39.0,165.3,6,1,0
2023-07-26,19.6,9.8,14.5,19.6,8.7,14.4,82.3,6.428,100,49.4,21.3,30.3,211.8,8,1,0
2023-07-27,18.7,10.7,15.2,18.7,10.7,15.2,94.4,6.542,100,34.5,16.3,69.5,58.8,2,1,0
2023-07-28,22.8,17.9,20.1,22.8,17.9,20.1,85.6,4.004,100,33.9,17.3,85.4,116.3,5,1,0
2023-07-29,21.9,14.7,18.9,21.9,14.7,18.9,81.8,0.626,100,46.8,27.0,41.5,156.0,8,1,0
2023-07-30,20.2,12.9,16.6,20.2,12.9,16.6,83.8,1.594,100,59.7,33.4,22.5,174.5,10,1,0
2023-07-31,19.9,15.1,17.2,19.9,15.1,17.2,94.3,22.238,100,43.7,26.8,84.6,88.8,5,1,0
2023-08-01,18.9,13.6,16.7,18.9,13.6,16.7,88.1,4.979,100,61.7,29.0,79.1,196.0,8,1,0
2023-08-02,21.4,15.1,16.7,21.4,15.1,16.7,88.2,9.361,100,51.4,34.4,70.5,171.0,9,1,0
2023-08-03,22.3,15.2,17.6,22.3,15.2,17.6,86.6,7.068,100,51.4,28.7,84.6,119.3,6,1,0
2023-08-04,19.7,13.5,16.8,19.7,13.5,16.8,81.4,1.076,100,40.1,23.1,67.1,162.4,9,1,0
2023-08-05,20.0,11.1,15.2,20.0,11.1,15.2,84.6,8.997,100,38.1,18.5,70.6,133.3,10,1,0
2023-08-06,20.9,13.2,16.6,20.9,13.2,16.6,81.7,0.61,100,34.5,20.6,62.8,248.2,9,1,0
2023-08-07,17.1,12.6,15.1,17.1,12.6,15.1,79.3,2.146,100,68.9,35.1,43.7,112.1,4,1,0
2023-08-08,18.6,11.7,15.2,18.6,11.7,15.2,75.2,0.672,100,66.3,37.7,35.1,227.1,9,1,0
2023-08-09,20.7,8.3,14.7,20.7,6.6,14.1,74.9,0.005,100,47.3,25.1,20.2,200.3,8,1,0
2023-08-10,19.0,10.6,15.6,19.0,10.6,15.6,82.2,0.0,0,28.8,12.6,58.3,104.4,5,0,0
2023-08-11,26.9,13.0,20.5,27.7,13.0,20.5,75.4,0.02,100,36.5,20.4,31.5,226.4,7,1,0
2023-08-12,22.6,15.4,19.1,22.6,15.4,19.1,86.9,10.234,100,38.1,23.8,50.4,117.1,7,1,0
2023-08-13,22.0,14.6,18.1,22.0,14.6,18.1,82.3,0.616,100,43.2,23.8,35.9,149.4,6,1,0
2023-08-14,24.9,12.6,18.8,24.9,12.6,18.8,80.2,0.031,100,26.2,17.8,13.0,191.1,8,1,0
2023-08-15,22.9,13.6,19.1,22.9,13.6,19.1,80.8,0.043,100,40.1,20.9,24.2,197.5,9,1,0
2023-08-16,22.7,9.4,16.4,22.7,9.4,16.4,81.1,0.0,0,32.4,18.9,27.4,221.0,9,0,0
2023-08-17,19.8,15.2,17.1,19.8,15.2,17.1,82.3,0.0,0,44.2,26.9,55.0,152.3,10,0,0
2023-08-18,24.6,16.2,19.5,24.6,16.2,19.5,84.9,0.0,0,40.6,15.9,70.8,106.0,5,0,0
2023-08-19,25.7,15.6,21.4,25.7,15.6,21.4,86.4,0.476,100,41.7,19.3,18.4,73.2,4,1,0
2023-08-20,24.6,12.6,18.5,24.6,12.6,18.5,80.5,0.0,0,30.9,17.3,4.9,215.9,8,0,0
2023-08-21,25.6,10.9,18.3,25.6,10.9,18.3,79.2,0.0,0,29.3,13.5,5.1,183.9,7,0,0
2023-08-22,24.7,12.9,19.0,24.7,12.9,19.0,80.4,0.0,0,36.5,19.0,16.9,204.7,8,0,0
2023-08-23,23.7,12.1,18.0,23.7,12.1,18.0,82.6,0.0,0,34.5,18.5,20.7,142.1,7,0,0
2023-08-24,22.8,12.4,18.2,22.8,12.4,18.2,87.8,0.694,100,27.4,11.6,14.5,75.6,4,1,0
2023-08-25,21.1,17.1,19.3,21.1,17.1,19.3,93.0,8.072,100,25.2,16.1,79.8,48.6,3,1,0
2023-08-26,20.0,12.0,15.9,20.0,12.0,15.9,88.2,7.993,100,38.1,21.3,25.9,140.9,9,1,0
2023-08-27,18.0,11.7,14.5,18.0,11.7,14.5,89.0,3.222,100,54.5,20.3,22.2,149.7,7,1,0
2023-08-28,19.9,10.1,15.4,19.9,10.1,15.4,81.7,0.851,100,41.1,16.1,18.6,142.0,7,1,0
2023-08-29,19.8,8.0,14.4,19.8,8.0,14.4,85.2,0.186,100,24.2,9.2,17.1,150.9,7,1,0
2023-08-30,16.0,10.6,13.4,16.0,10.6,13.4,89.8,2.457,100,42.6,18.3,39.9,62.3,2,1,0
2023-08-31,18.0,9.6,13.6,18.0,8.1,13.5,84.3,8.055,100,48.3,22.6,29.6,169.8,7,1,0
2023-09-01,19.8,7.2,14.0,19.8,7.2,13.9,83.0,0.0,0,20.6,10.9,18.3,126.8,7,0,0
2023-09-02,20.8,10.4,15.6,20.8,10.4,15.6,81.9,0.039,100,21.1,14.4,10.5,172.4,7,1,0
2023-09-03,21.8,9.2,15.7,21.8,9.2,15.7,83.1,0.0,0,22.1,10.5,25.7,190.7,7,0,0
2023-09-04,23.9,8.9,16.9,23.9,8.9,16.9,79.6,0.0,0,25.2,13.3,6.7,201.0,7,0,0
2023-09-05,28.2,11.7,19.9,28.8,11.7,20.0,77.2,0.003,100,29.3,13.6,0.3,206.0,7,1,0
2023-09-06,29.9,14.7,22.1,30.0,14.7,22.2,74.7,0.003,100,29.3,14.8,0.1,205.4,7,1,0
2023-09-07,28.8,14.8,22.1,28.8,14.8,22.2,67.9,0.003,100,33.9,20.7,1.1,211.3,6,1,0
2023-09-08,29.1,15.1,21.9,29.2,15.1,22.0,70.1,0.003,100,27.3,14.7,0.7,203.2,6,1,0
2023-09-09,27.5,14.6,20.7,28.6,14.6,20.9,82.2,0.006,100,24.8,11.8,1.1,190.5,6,1,0
2023-09-10,26.9,13.5,20.5,28.1,13.5,20.7,83.0,0.005,100,22.1,10.0,5.8,171.3,6,1,0
2023-09-11,28.5,17.5,22.4,29.5,17.5,22.7,78.1,0.003,100,36.5,17.7,8.5,180.6,6,1,0
2023-09-12,22.8,16.4,19.3,22.8,16.4,19.3,90.5,0.926,100,29.3,14.3,59.7,60.4,3,1,0
2023-09-13,18.1,10.1,15.8,18.1,10.1,15.8,81.3,3.546,100,54.0,21.8,75.2,95.1,8,1,0
2023-09-14,19.8,8.1,13.9,19.8,8.1,13.8,75.5,0.184,100,22.1,11.5,30.0,156.2,7,1,0
2023-09-15,20.9,9.2,14.7,20.9,8.4,14.6,77.2,0.0,0,25.2,12.9,4.3,176.0,6,0,0
2023-09-16,23.6,9.1,16.3,23.6,8.8,16.3,79.6,0.0,0,21.6,11.6,6.9,163.7,7,0,0
2023-09-17,21.1,12.0,16.8,21.1,12.0,16.8,90.8,0.333,100,33.1,14.4,37.9,51.0,2,1,0
2023-09-18,22.7,14.8,18.6,22.7,14.8,18.6,87.4,5.84,100,57.6,33.7,52.6,78.0,6,1,0
2023-09-19,18.0,12.5,15.5,18.0,12.5,15.5,84.3,6.678,100,76.0,44.1,53.6,66.2,4,1,0
2023-09-20,20.9,16.1,18.1,20.9,16.1,18.1,80.6,1.594,100,59.3,31.3,86.6,64.8,3,1,0
2023-09-21,18.8,14.1,16.6,18.8,14.1,16.6,84.0,5.206,100,43.2,20.8,54.7,35.9,2,1,0
2023-09-22,17.0,12.4,14.3,17.0,12.4,14.3,88.5,3.078,100,45.8,27.1,65.7,71.3,7,1,0
2023-09-23,17.8,10.0,13.2,17.8,10.0,13.2,90.0,7.731,100,36.5,23.3,44.9,89.6,6,1,0
2023-09-24,18.9,9.5,13.9,18.9,8.8,13.8,80.1,0.024,100,40.1,25.5,1.6,148.0,6,1,0
2023-09-25,20.8,12.1,15.6,20.8,12.1,15.6,74.0,0.0,0,36.7,19.5,23.2,125.0,5,0,0
2023-09-26,20.9,11.2,16.1,20.9,11.2,16.1,81.0,0.0,0,27.3,13.2,25.9,102.5,5,0,0
2023-09-27,22.0,10.8,16.6,22.0,10.8,16.6,85.2,0.0,0,29.3,12.2,2.9,101.2,5,0,0
2023-09-28,19.1,15.0,17.7,19.1,15.0,17.7,79.2,0.0,0,43.6,25.5,41.1,73.8,4,0,0
2023-09-29,20.8,10.3,16.2,20.8,10.3,16.2,85.9,2.978,100,45.5,25.6,51.1,65.2,3,1,0
2023-09-30,18.7,9.9,14.0,18.7,8.4,14.0,85.1,0.081,100,33.4,15.4,21.7,93.0,6,1,0
2023-10-01,21.5,14.1,16.9,21.5,14.1,16.9,83.2,0.187,100,41.1,25.3,72.0,75.8,3,1,0
2023-10-02,21.0,15.2,18.2,21.0,15.2,18.2,89.3,0.106,100,31.9,15.7,64.8,80.6,4,1,0
2023-10-03,19.0,12.5,16.3,19.0,12.5,16.3,84.2,1.58,100,59.7,35.1,52.7,31.4,2,1,0
2023-10-04,16.9,11.0,14.0,16.9,11.0,14.0,81.7,0.881,100,54.5,29.0,37.4,73.5,4,1,0
2023-10-05,17.7,12.7,14.6,17.7,12.7,14.6,86.8,0.489,100,40.1,20.8,60.5,47.5,3,1,0
2023-10-06,18.9,14.1,16.1,18.9,14.1,16.1,83.7,0.706,100,61.7,36.4,71.1,54.6,4,1,0
2023-10-07,18.8,16.2,17.6,18.8,16.2,17.6,84.2,0.829,100,54.0,29.5,97.2,25.1,1,1,0
2023-10-08,16.0,12.2,13.7,16.0,12.2,13.7,81.4,0.194,100,45.3,15.7,65.2,64.3,3,1,0
2023-10-09,17.1,13.1,15.5,17.1,13.1,15.5,89.6,3.816,100,47.3,20.5,77.9,17.4,1,1,0
2023-10-10,20.7,14.3,16.8,20.7,14.3,16.8,86.2,0.017,100,38.1,19.6,41.5,90.9,5,1,0
2023-10-11,19.0,16.1,17.2,19.0,16.1,17.2,86.7,4.455,100,57.6,31.3,61.9,35.5,2,1,0
2023-10-12,15.9,9.9,13.0,15.9,9.2,12.9,86.0,8.656,100,62.2,17.2,66.4,60.5,5,1,0
2023-10-13,19.9,13.0,17.1,19.9,13.0,17.1,90.6,11.11,100,73.2,38.2,81.1,30.0,3,1,0
2023-10-14,13.8,7.6,11.3,13.8,4.9,10.5,73.9,6.081,100,79.7,29.5,24.1,57.1,3,1,0
2023-10-15,11.1,5.9,7.9,11.1,2.7,5.6,78.8,4.475,100,70.4,27.6,51.3,92.0,4,1,0
2023-10-16,12.2,6.0,8.8,12.2,4.6,7.8,84.2,2.504,100,48.8,16.0,52.7,60.6,4,1,0
2023-10-17,12.2,3.3,7.5,12.2,2.8,7.1,83.9,0.0,0,25.2,14.2,36.8,96.7,4,0,0
2023-10-18,11.7,3.6,7.2,11.7,1.1,4.8,79.8,0.0,0,54.0,26.9,3.9,63.5,3,0,0
2023-10-19,9.0,8.0,8.4,6.4,4.4,5.3,94.5,13.378,100,54.0,24.6,90.0,13.0,1,1,0
2023-10-21,15.0,8.0,12.2,15.0,5.4,11.8,87.6,7.503,100,54.0,23.0,63.3,37.0,2,1,0
2023-10-22,13.9,6.7,11.6,13.9,5.2,11.4,81.7,4.364,100,54.0,25.8,57.2,55.5,4,1,0
2023-10-23,13.2,3.0,8.1,13.2,1.8,7.6,90.2,0.009,100,28.8,16.8,10.7,66.9,3,1,0
2023-10-24,12.8,10.0,11.1,12.8,10.0,11.1,91.4,4.048,100,40.1,20.2,79.7,12.4,1,1,0
2023-10-25,12.0,7.2,9.9,12.0,5.2,8.9,91.4,1.617,100,37.0,20.4,22.7,30.0,2,1,0
2023-10-26,12.0,8.4,9.9,12.0,7.6,9.6,93.0,1.028,100,29.3,12.2,64.9,29.3,2,1,0
2023-10-27,10.2,9.1,9.8,10.2,7.5,9.0,94.7,2.492,100,31.0,13.2,93.2,19.8,1,1,0
2023-10-28,12.9,9.2,10.9,12.9,7.7,10.3,91.8,1.506,100,36.5,15.9,77.0,18.6,1,1,0
2023-10-29,14.0,10.1,12.4,14.0,10.1,12.4,83.3,9.18,100,64.8,37.8,53.4,42.0,2,1,0
2023-10-30,14.0,9.2,11.4,14.0,6.7,11.1,86.0,1.003,100,53.5,29.8,30.0,62.3,3,1,0
2023-10-31,11.9,9.0,10.1,11.9,7.9,10.0,92.1,9.504,100,49.4,22.1,88.7,26.2,1,1,0
2023-11-01,14.8,9.0,11.7,14.8,7.5,11.3,89.2,0.932,100,51.4,25.6,79.2,24.7,1,1,0
2023-11-02,14.7,9.9,11.3,14.7,7.3,10.9,76.9,2.64,100,80.2,42.2,53.8,18.6,1,1,0
2023-11-03,11.2,8.1,9.6,11.2,3.8,7.4,84.8,6.115,100,79.7,44.9,77.5,19.8,1,1,0
2023-11-04,11.0,7.2,9.0,11.0,3.7,6.5,85.1,2.083,100,51.4,24.6,87.4,25.9,2,1,0
2023-11-05,11.9,9.0,10.1,11.9,6.8,9.3,91.0,3.619,100,54.5,28.6,78.1,18.8,1,1,0
2023-11-06,10.2,8.5,9.4,10.2,5.4,7.2,88.4,6.147,100,54.5,30.1,64.2,21.3,1,1,0
2023-11-07,11.0,8.1,9.1,11.0,4.8,6.8,88.7,1.347,100,46.3,25.7,60.1,40.2,2,1,0
2023-11-08,10.9,8.1,9.1,10.9,4.8,6.7,90.5,13.766,100,55.5,29.3,71.3,33.0,2,1,0
2023-11-09,11.1,7.2,9.5,11.1,4.0,7.6,89.3,9.672,100,53.1,26.1,58.3,42.0,2,1,0
2023-11-10,8.1,6.4,7.4,5.9,3.4,4.5,90.3,1.527,100,46.8,23.7,82.6,15.7,1,1,0
2023-11-11,9.8,3.9,7.1,7.2,1.1,4.4,89.0,12.206,100,47.8,21.7,67.3,11.1,1,1,0
2023-11-12,8.4,2.7,5.0,6.2,-0.2,2.8,95.4,0.335,100,34.5,14.7,46.7,60.0,3,1,0
2023-11-13,12.1,2.8,7.3,12.1,0.2,5.5,91.4,4.88,100,61.7,37.0,56.6,9.6,0,1,0
2023-11-14,12.8,8.3,11.1,12.8,6.5,10.9,86.5,4.183,100,74.1,42.0,85.6,26.8,2,1,0
2023-11-15,11.5,6.3,9.0,11.5,5.7,7.4,92.5,3.734,100,51.9,28.5,93.7,20.2,2,1,0
2023-11-16,9.8,1.0,6.0,9.8,0.7,4.8,85.9,1.767,100,61.2,27.9,47.1,37.7,3,1,0
2023-11-17,9.7,-0.6,3.2,8.3,-3.5,1.9,91.9,0.216,100,24.7,11.2,11.8,34.8,3,1,1
2023-11-18,8.8,-0.2,4.4,6.2,-0.9,1.5,97.2,4.981,100,50.9,26.7,80.2,6.5,0,1,0
2023-11-19,12.8,9.8,11.6,12.8,7.3,11.5,89.9,2.936,100,49.0,28.9,90.8,15.9,1,1,0
2023-11-20,11.9,8.3,10.5,11.9,6.4,10.1,92.7,30.859,100,43.2,22.8,78.8,11.5,1,1,0
2023-11-21,9.1,4.8,7.8,8.7,3.0,5.8,89.6,0.949,100,36.8,22.2,69.5,22.6,2,1,0
2023-11-22,7.3,-1.3,3.3,3.5,-2.3,0.7,89.9,0.142,100,50.9,29.0,31.9,18.2,2,1,0
2023-11-23,13.0,8.1,10.9,13.0,4.5,10.2,85.7,0.858,100,82.8,40.8,90.3,20.8,1,1,0
2023-11-24,8.0,4.2,5.9,4.0,-0.5,1.5,75.5,6.796,100,107.5,39.0,58.4,12.7,1,1,0
2023-11-25,7.9,0.7,5.1,4.7,-1.3,2.1,81.1,4.614,100,81.8,27.8,47.3,22.0,1,1,0
2023-11-26,7.0,0.7,4.4,6.1,-1.9,2.2,93.5,4.286,100,42.7,13.6,64.2,11.0,1,1,1
2023-11-27,5.2,2.1,3.6,2.1,-4.4,-0.6,92.9,9.79,100,62.7,38.3,90.8,4.6,0,1,0
2023-11-28,2.3,0.3,1.5,2.2,-4.6,-2.7,80.6,0.359,100,62.7,31.8,54.3,26.7,2,1,1
2023-11-29,3.8,-2.2,1.3,1.1,-4.0,-1.9,86.6,2.74,100,61.7,24.3,73.0,28.6,2,1,1
2023-11-30,0.1,-3.3,-1.2,-0.1,-5.8,-3.1,96.4,0.202,100,23.7,12.0,91.6,15.1,1,1,1
2023-12-01,-1.1,-4.7,-2.3,-1.6,-7.1,-4.1,93.3,0.181,100,18.0,8.9,71.5,28.8,3,1,1
2023-12-02,2.8,-2.3,-0.4,1.3,-5.2,-2.1,93.3,0.095,100,22.1,10.0,39.4,17.1,1,1,1
2023-12-03,2.0,-3.1,0.3,-1.8,-5.5,-3.3,90.7,0.083,100,34.5,20.2,48.7,18.8,2,1,1
2023-12-04,1.9,0.0,0.6,-1.7,-4.8,-3.6,84.3,0.622,100,34.5,18.0,49.1,12.3,1,1,1
2023-12-05,0.1,0.0,0.1,-2.6,-5.3,-4.4,92.6,1.905,100,38.6,21.1,96.4,4.3,0,1,1
2023-12-06,3.1,0.3,1.8,0.5,-2.8,-0.9,92.1,0.629,100,30.3,11.4,97.3,5.4,0,1,1
2023-12-07,3.1,0.5,1.5,1.2,-3.8,-1.7,93.1,0.006,100,37.0,17.0,71.6,20.3,2,1,1
2023-12-08,7.6,0.2,2.1,5.1,-3.8,-1.2,94.6,3.667,100,38.6,17.9,74.8,5.5,0,1,1
2023-12-09,8.9,6.9,7.6,5.5,2.6,4.2,91.7,4.631,100,56.1,28.9,96.4,11.9,1,1,0
2023-12-10,9.0,7.1,8.2,5.8,3.5,4.7,89.7,10.786,100,63.6,36.9,90.7,5.4,0,1,0
2023-12-11,9.6,6.2,8.3,6.2,3.6,5.2,91.2,6.682,100,50.4,28.7,91.3,11.1,1,1,0
2023-12-12,7.0,1.2,4.9,4.9,-0.8,2.6,97.3,2.558,100,36.5,20.0,75.7,8.8,1,1,1
2023-12-13,7.9,5.0,6.9,7.9,0.7,4.8,94.9,4.86,100,47.8,24.0,95.9,6.8,0,1,0
2023-12-14,5.8,4.1,4.6,5.0,0.5,2.4,88.3,0.012,100,44.2,17.2,94.8,11.9,1,1,0
2023-12-15,8.9,3.7,6.1,6.6,0.7,3.5,94.3,0.165,100,30.9,17.7,46.5,22.3,2,1,0
2023-12-16,9.9,5.3,7.6,6.7,1.8,4.3,91.6,0.15,100,52.5,29.0,79.7,5.2,0,1,0
2023-12-17,10.0,7.4,9.0,7.1,3.6,5.6,86.3,0.009,100,58.1,36.6,78.1,19.5,1,1,0
2023-12-18,9.0,8.0,8.4,5.5,3.8,4.8,89.4,0.022,100,52.5,34.6,99.2,6.5,0,1,0
2023-12-19,9.1,4.7,8.0,6.9,1.7,5.1,96.5,9.771,100,52.5,30.9,81.9,6.2,1,1,0
2023-12-20,9.0,5.4,7.1,5.5,2.0,3.5,87.4,6.006,100,75.6,31.6,79.4,12.1,1,1,0
2023-12-21,11.0,6.9,8.9,11.0,1.5,5.5,81.6,13.371,100,99.3,50.2,78.3,5.0,0,1,0
2023-12-22,7.7,5.2,6.4,3.9,-1.0,2.0,78.4,2.485,100,95.6,51.9,58.9,9.3,1,1,0
2023-12-23,9.8,4.3,6.5,6.1,0.5,3.8,91.7,10.279,100,75.6,34.2,90.6,7.1,1,1,0
2023-12-24,12.8,9.0,10.9,12.8,5.1,9.7,91.8,11.245,100,76.1,42.7,89.6,3.5,0,1,0
2023-12-25,11.8,9.0,10.1,11.8,5.8,8.3,86.1,1.678,100,76.1,40.0,73.1,16.6,1,1,0
2023-12-26,9.9,2.0,7.6,6.7,-1.6,4.0,81.7,5.782,100,63.3,37.1,58.0,10.2,1,1,0
2023-12-27,8.9,-0.1,4.4,5.1,-2.2,1.6,91.6,0.665,100,59.7,33.8,50.8,5.0,0,1,0
2023-12-28,11.0,8.9,10.2,11.0,4.8,9.0,80.1,0.633,100,76.1,42.4,94.0,8.4,0,1,0
2023-12-29,10.1,7.0,8.9,10.1,3.1,5.2,77.3,9.544,100,74.6,44.8,54.6,19.1,3,1,0
2023-12-30,8.8,6.2,7.1,5.9,1.9,3.7,82.8,1.482,100,54.5,27.2,55.2,21.9,2,1,0
2023-12-31,9.9,7.9,8.3,6.9,3.7,4.9,81.5,0.937,100,63.3,34.4,62.1,9.0,1,1,0
2024-01-01,8.1,5.2,7.0,4.8,1.5,3.3,87.0,14.405,100,55.0,30.8,72.0,10.5,1,1,0
2024-01-02,10.9,5.9,8.5,10.9,2.0,6.2,92.9,19.457,100,61.7,49.2,84.6,7.3,1,1,0
2024-01-03,9.8,7.0,8.5,6.3,2.5,4.6,88.1,12.461,100,94.1,58.1,93.4,12.6,1,1,0
2024-01-04,6.8,1.6,3.9,4.7,-1.5,1.4,84.3,0.188,100,47.3,20.7,75.4,26.0,2,1,0
2024-01-05,4.7,1.9,3.1,1.4,-3.3,-1.4,94.1,9.445,100,48.9,24.2,97.5,7.5,1,1,1
2024-01-06,1.9,-0.7,0.8,-2.2,-6.5,-4.0,92.0,0.424,100,46.3,23.3,97.6,9.4,1,1,1
2024-01-07,1.0,-1.6,-0.2,-3.8,-7.2,-5.8,78.0,0.194,100,59.1,30.3,71.1,23.9,2,1,1
2024-01-08,0.1,-1.8,-1.1,-5.6,-8.4,-7.1,73.8,0.0,0,52.5,35.2,59.8,25.5,2,0,0
2024-01-09,-0.8,-5.6,-3.3,-6.4,-11.9,-9.0,77.1,0.308,100,49.9,24.7,0.0,34.8,2,1,1
2024-01-10,-0.9,-5.5,-3.7,-5.9,-10.8,-8.9,80.1,0.077,100,31.4,20.1,0.0,38.0,2,0,1
2024-01-11,2.3,-6.8,-1.3,1.4,-10.2,-3.2,92.4,0.077,100,28.3,12.2,78.1,9.2,0,0,1
2024-01-12,5.0,0.2,2.7,2.3,-2.0,0.7,93.6,0.212,100,31.4,15.8,98.5,12.7,1,1,0
2024-01-13,5.1,3.1,3.9,1.4,-1.1,0.0,93.3,0.476,100,49.9,22.4,89.2,9.5,1,1,0
2024-01-14,5.1,1.6,3.4,1.2,-2.6,-0.6,87.3,1.282,100,59.1,24.9,64.6,33.5,3,1,0
2024-01-15,3.0,0.4,1.8,-1.4,-3.8,-2.9,86.0,3.796,100,69.4,23.7,66.4,10.0,0,1,1
2024-01-16,1.1,-2.0,0.1,-3.0,-7.1,-4.7,86.8,2.135,100,66.8,24.6,40.7,23.8,1,1,1
2024-01-17,0.2,-3.9,-0.9,0.1,-7.9,-4.7,81.1,0.004,100,49.4,28.2,60.8,15.3,1,1,1
2024-01-18,2.9,-4.6,-1.0,0.4,-7.9,-4.3,85.6,0.715,100,40.6,16.1,26.4,39.0,3,1,1
2024-01-19,4.0,-2.2,0.9,-1.0,-6.9,-4.0,84.3,1.26,100,57.0,27.5,24.9,43.3,3,1,1
2024-01-20,2.1,-0.7,0.6,-2.8,-6.4,-4.9,81.4,0.003,100,47.8,30.6,15.7,25.1,1,1,1
2024-01-21,5.9,0.1,2.9,0.6,-5.6,-2.5,71.0,0.0,0,78.2,40.5,57.1,8.5,0,0,0
2024-01-22,10.8,6.7,8.6,10.8,1.6,4.8,82.8,9.225,100,87.4,50.2,60.1,38.0,2,1,0
2024-01-23,10.7,6.0,7.2,10.7,1.3,3.1,81.9,0.973,100,75.1,47.8,59.3,33.6,2,1,0
2024-01-24,11.9,7.8,9.8,11.9,3.9,7.0,76.2,4.692,100,95.1,52.9,63.1,28.6,2,1,0
2024-01-25,7.9,3.5,6.2,5.3,0.1,3.3,89.0,0.08,100,55.5,29.2,32.1,34.0,3,1,0
2024-01-26,10.9,4.3,8.1,10.9,0.7,5.0,86.6,6.71,100,83.8,38.7,78.7,19.5,2,1,0
2024-01-27,8.8,1.6,3.9,5.7,-2.4,0.4,87.7,0.233,100,48.3,22.7,4.4,56.0,3,1,1
2024-01-28,8.1,0.3,4.1,5.5,-3.1,1.0,71.5,0.0,0,33.4,20.4,2.5,49.0,3,0,0
2024-01-29,8.8,3.2,6.0,8.0,-0.6,3.5,79.0,0.0,0,30.9,16.5,29.9,22.5,1,0,0
2024-01-30,9.9,5.2,7.3,7.3,1.9,4.2,90.1,0.279,100,54.0,34.2,58.7,18.4,1,1,0
2024-01-31,7.0,1.9,5.4,2.9,-1.3,1.6,81.4,0.639,100,61.2,37.2,94.8,16.8,1,1,0
2024-02-01,7.9,2.7,5.8,5.1,-0.9,2.5,87.6,3.089,100,61.2,29.8,40.7,50.0,3,1,0
2024-02-02,9.1,5.0,7.4,5.9,1.3,3.6,88.3,0.166,100,58.1,30.4,74.3,20.5,1,1,0
2024-02-03,11.6,6.3,9.4,11.6,3.3,7.1,88.2,0.006,100,56.6,31.5,98.8,22.2,1,1,0
2024-02-04,10.8,5.4,8.1,10.8,1.8,5.2,85.6,2.073,100,68.9,40.9,62.6,23.3,1,1,0
2024-02-05,10.8,8.9,9.4,10.8,4.8,5.9,82.3,0.32,100,68.9,39.9,98.4,11.7,1,1,0
2024-02-06,11.1,5.3,9.7,11.1,1.2,7.0,82.6,4.592,100,84.9,49.5,96.4,12.1,1,1,0
2024-02-07,6.9,-1.7,3.9,5.9,-3.9,1.9,76.3,5.469,100,60.7,22.4,28.9,50.0,3,1,0
2024-02-08,4.0,-2.5,0.4,3.1,-5.1,-1.8,92.2,2.0,100,48.9,27.2,47.8,19.2,1,1,1
2024-02-09,10.8,1.2,6.5,10.8,-4.3,3.9,94.2,14.337,100,52.5,24.4,86.0,18.3,1,1,1
2024-02-10,11.9,8.1,9.9,11.9,6.2,8.7,91.0,0.094,100,30.9,15.5,41.2,28.3,2,1,0
2024-02-11,9.0,7.1,8.2,8.0,4.9,6.2,96.1,0.62,100,34.5,17.6,94.4,9.8,1,1,0
2024-02-12,8.9,4.3,6.6,6.4,1.3,4.1,89.8,0.705,100,45.3,20.9,62.7,45.5,3,1,0
2024-02-13,8.9,3.4,6.3,5.8,-0.5,2.9,85.5,0.124,100,43.2,23.8,53.8,32.9,2,1,0
2024-02-14,11.7,6.1,9.8,11.7,3.1,8.5,96.2,8.155,100,38.2,24.7,96.8,11.2,1,1,0
2024-02-15,12.9,10.9,11.9,12.9,10.9,11.9,93.8,1.94,100,37.5,23.3,79.0,11.5,1,1,0
2024-02-16,12.7,8.1,10.7,12.7,6.0,10.0,88.0,0.561,100,46.3,28.3,46.1,19.8,2,1,0
2024-02-17,9.8,6.1,8.1,8.8,3.9,6.5,87.1,0.036,100,37.3,17.1,87.2,47.2,3,1,0
2024-02-18,10.0,7.9,8.9,10.0,3.8,6.2,93.2,10.879,100,54.5,30.3,86.4,10.5,0,1,0
2024-02-19,9.9,7.1,8.3,7.4,3.3,5.5,92.1,6.136,100,60.2,27.7,96.8,16.2,1,1,0
2024-02-20,10.0,4.6,7.7,7.3,1.8,4.8,90.4,0.207,100,46.5,30.4,51.9,42.1,2,1,0
2024-02-21,9.9,8.1,9.0,7.0,4.2,5.7,89.5,1.841,100,53.0,29.1,93.2,21.6,2,1,0
2024-02-22,11.9,6.5,10.0,11.9,0.4,8.5,90.9,3.645,100,83.3,55.5,89.6,36.9,2,1,0
2024-02-23,7.1,4.3,6.0,4.0,-1.1,1.8,81.3,5.793,100,93.6,39.4,79.0,29.9,2,1,0
2024-02-24,7.8,3.1,4.9,4.6,0.3,1.8,86.8,0.985,100,46.3,21.9,50.2,32.1,2,1,0
2024-02-25,7.9,2.5,4.9,6.5,-0.3,2.4,89.5,1.794,100,37.0,16.1,73.7,34.1,2,1,0
2024-02-26,5.9,2.5,4.1,1.6,-1.1,0.0,86.4,0.009,100,49.9,27.5,42.4,30.2,1,1,0
2024-02-27,5.9,1.4,3.6,5.2,-1.6,1.6,86.6,0.0,0,41.1,12.3,67.5,49.6,2,0,0
2024-02-28,7.9,2.1,5.1,5.3,-1.8,1.9,92.4,0.0,0,36.4,20.8,90.3,37.9,1,0,0
2024-02-29,8.1,6.0,7.1,5.6,1.8,3.8,91.4,4.555,100,46.3,26.2,96.0,18.5,1,1,0
2024-03-01,10.1,7.0,8.7,10.1,3.8,6.1,72.8,1.961,100,43.7,27.0,66.2,77.9,6,1,0
2024-03-02,12.0,6.8,9.1,12.0,3.9,7.4,70.6,0.0,0,40.6,22.0,43.4,87.5,5,0,0
2024-03-03,14.4,3.9,9.2,14.4,3.9,7.9,80.5,0.0,0,32.9,20.0,3.6,102.5,5,0,0
2024-03-04,8.8,2.7,6.2,7.3,0.5,5.2,96.8,0.0,0,20.1,12.4,83.8,21.3,1,0,0
2024-03-05,7.7,5.0,6.4,7.2,1.3,4.3,94.0,0.553,100,36.0,18.7,99.2,14.9,1,1,0
2024-03-06,8.0,4.0,5.6,6.4,0.5,3.0,82.8,0.244,100,40.1,17.8,91.9,56.0,2,1,0
2024-03-07,6.8,0.5,3.3,4.0,-3.4,-0.2,86.7,0.0,0,33.9,19.0,53.4,33.1,2,0,0
2024-03-08,8.0,0.2,3.9,4.2,-4.3,-0.1,74.0,0.0,0,47.3,27.4,0.0,129.9,5,0,0
2024-03-09,10.0,1.2,5.5,10.0,-3.3,2.1,72.3,0.0,0,43.7,23.4,1.8,119.2,4,0,0
2024-03-10,10.7,3.2,6.8,10.7,-1.5,3.4,79.6,0.0,0,55.0,33.9,3.7,97.8,4,0,0
2024-03-11,8.8,6.0,7.2,7.4,2.1,4.7,87.0,0.039,100,46.8,23.4,73.1,34.0,2,1,0
2024-03-12,8.7,5.3,7.3,6.6,2.7,5.4,94.2,0.162,100,28.8,17.2,89.3,18.2,1,1,0
2024-03-13,11.9,5.1,9.0,11.9,2.5,8.0,92.1,0.124,100,45.3,24.1,93.5,22.9,1,1,0
2024-03-14,16.5,9.0,12.2,16.5,6.2,11.7,79.6,0.017,100,43.7,24.2,25.1,98.1,5,1,0
2024-03-15,14.6,11.0,12.5,14.6,11.0,12.5,81.4,1.474,100,52.5,39.3,67.9,56.7,3,1,0
2024-03-16,11.0,2.8,7.8,11.0,1.9,5.6,79.9,1.052,100,51.4,24.0,79.6,116.4,7,1,0
2024-03-17,11.0,0.9,7.1,11.0,0.8,5.9,78.8,0.01,100,38.6,18.2,20.6,57.4,2,1,0
2024-03-18,12.4,4.5,8.3,12.4,4.5,7.2,90.1,1.007,100,36.5,16.0,77.0,39.7,2,1,0
2024-03-19,15.6,4.4,10.3,15.6,2.6,9.7,82.5,0.017,100,34.5,17.7,69.4,60.1,3,1,0
2024-03-20,13.8,7.4,11.1,13.8,7.4,11.0,87.8,0.161,100,23.1,13.5,71.2,68.0,3,1,0
2024-03-21,10.9,7.0,8.5,10.9,3.7,6.1,87.6,0.992,100,48.9,25.6,90.0,45.7,2,1,0
2024-03-22,10.9,5.5,9.1,10.9,3.4,7.2,88.8,3.274,100,43.7,22.5,74.7,35.0,2,1,0
2024-03-23,8.0,2.9,5.5,4.5,-0.3,1.9,83.9,0.962,100,69.4,35.9,35.8,109.8,6,1,0
2024-03-24,8.7,4.3,6.4,4.7,-0.4,2.3,86.5,11.613,100,72.0,35.9,89.7,67.5,3,1,0
2024-03-25,10.6,4.3,6.9,10.6,1.7,4.9,76.6,1.515,100,60.7,19.2,57.8,120.6,7,1,0
2024-03-26,11.1,3.4,7.6,11.1,0.3,5.8,71.3,0.0,0,37.4,22.4,26.5,124.0,6,0,0
2024-03-27,11.9,6.4,9.1,11.9,4.7,8.1,78.0,0.992,100,36.5,23.1,63.0,61.0,3,1,0
2024-03-28,10.7,6.1,7.9,10.7,3.2,6.0,81.8,3.478,100,51.1,30.9,84.5,72.1,4,1,0
2024-03-29,12.9,7.9,9.9,12.9,4.7,8.1,72.0,0.222,100,50.8,27.3,73.6,112.8,7,1,0
2024-03-30,16.0,7.3,11.2,16.0,6.9,10.9,82.8,0.549,100,51.8,37.7,87.5,70.9,5,1,0
2024-03-31,14.6,3.4,9.6,14.6,3.0,9.0,86.7,0.395,100,34.6,20.1,91.3,92.2,5,1,0
2024-04-01,11.8,5.9,9.4,11.8,3.5,8.8,91.4,10.831,100,45.3,23.5,77.5,44.8,3,1,0
2024-04-02,11.9,5.0,9.0,11.9,2.1,7.4,86.7,2.036,100,51.8,32.6,58.1,71.8,3,1,0
2024-04-03,12.9,8.1,10.2,12.9,6.6,9.7,92.7,8.115,100,41.7,27.0,94.8,44.7,2,1,0
2024-04-04,13.5,8.4,10.7,13.5,5.5,9.9,87.1,4.783,100,61.7,34.3,86.6,42.7,2,1,0
2024-04-05,15.9,10.2,12.7,15.9,10.2,12.7,84.9,8.446,100,71.0,39.8,59.0,58.5,3,1,0
2024-04-06,23.5,11.1,16.6,23.5,11.1,16.6,71.8,0.118,100,47.3,29.6,7.4,151.0,6,1,0
2024-04-07,19.8,12.6,15.9,19.8,12.6,15.9,66.3,0.63,100,63.8,39.3,10.3,206.3,7,1,0
2024-04-08,17.8,11.3,14.3,17.8,11.3,14.3,81.9,0.063,100,24.2,13.7,51.1,83.4,3,1,0
2024-04-09,14.0,9.2,12.4,14.0,5.3,12.0,80.0,0.548,100,63.3,43.7,63.9,65.6,3,1,0
2024-04-10,13.9,7.5,10.5,13.9,5.0,9.1,69.5,0.822,100,63.3,31.4,40.6,187.2,7,1,0
2024-04-11,14.9,10.1,12.7,14.9,10.1,12.7,82.8,1.176,100,49.4,29.1,98.3,37.5,2,1,0
2024-04-12,16.9,10.5,13.9,16.9,10.5,13.9,81.4,0.112,100,51.9,33.3,43.1,153.3,6,1,0
2024-04-13,20.7,10.3,15.2,20.7,10.3,15.2,77.9,0.0,0,54.5,30.7,17.7,158.4,5,0,0
2024-04-14,14.0,5.6,10.7,14.0,5.4,10.2,68.1,0.071,100,55.0,28.5,29.6,160.8,7,1,0
2024-04-15,11.8,3.8,7.2,11.8,0.5,4.7,82.5,6.748,100,68.9,34.1,49.0,70.2,4,1,0
2024-04-16,10.1,4.8,7.2,10.1,0.7,4.6,80.9,8.757,100,61.2,25.4,61.3,107.4,4,1,0
2024-04-17,10.6,2.3,6.5,10.6,0.1,4.4,76.9,3.395,100,45.2,16.2,72.9,169.1,8,1,0
2024-04-18,10.8,0.3,6.1,10.8,-1.6,4.0,75.9,0.0,0,39.6,23.7,55.8,131.3,7,0,0
2024-04-19,9.8,6.2,8.2,6.4,1.9,4.5,81.3,5.403,100,72.5,42.0,83.3,112.8,8,1,0
2024-04-20,11.5,4.2,7.3,11.5,0.2,4.4,75.8,5.786,100,68.4,30.7,69.1,168.3,9,1,0
2024-04-21,9.8,0.8,5.8,6.7,-2.5,2.7,76.8,1.854,100,76.6,30.4,51.4,169.0,7,1,0
2024-04-22,8.8,1.0,5.3,5.8,-0.6,2.9,68.5,0.161,100,43.2,26.8,21.3,202.8,8,1,0
2024-04-23,10.6,-1.7,4.7,10.6,-1.7,3.0,74.8,1.961,100,55.0,25.8,33.4,174.1,8,1,0
2024-04-24,8.9,3.5,5.7,5.7,-0.2,2.3,81.5,5.227,100,55.0,29.7,71.9,113.3,5,1,0
2024-04-25,8.8,3.6,6.1,6.2,0.9,3.2,81.4,3.888,100,51.4,23.9,70.7,103.9,4,1,0
2024-04-26,10.9,3.4,7.5,10.9,0.8,5.8,78.3,3.476,100,37.0,18.1,62.8,110.0,4,1,0
2024-04-27,16.6,4.2,10.7,16.6,2.5,10.1,79.9,0.265,100,36.0,21.0,43.3,107.0,4,1,0
2024-04-28,18.0,8.5,14.2,18.0,5.8,14.0,67.3,0.389,100,68.9,38.9,22.8,165.2,8,1,0
2024-04-29,18.8,4.6,12.8,18.8,3.5,12.1,67.7,0.0,0,62.7,20.0,10.0,231.7,9,0,0
2024-04-30,21.5,12.1,16.3,21.5,12.1,16.3,73.3,0.389,100,29.2,12.9,7.3,175.3,7,1,0
2024-05-01,25.4,12.3,18.0,25.4,12.3,18.0,75.5,0.054,100,33.5,24.0,47.6,240.4,7,1,0
2024-05-02,24.3,13.1,18.8,24.3,13.1,18.8,67.8,0.224,100,47.3,24.3,1.5,260.4,8,1,0
2024-05-03,16.9,9.6,13.1,16.9,8.1,13.0,90.8,0.063,100,41.7,24.0,80.1,44.7,2,1,0
2024-05-04,18.7,7.3,12.3,18.7,5.5,11.8,77.3,0.231,100,36.5,16.3,3.4,124.7,8,1,0
2024-05-05,14.5,8.4,11.8,14.5,8.4,11.8,86.4,10.487,100,41.1,21.5,66.7,131.7,6,1,0
2024-05-06,16.9,4.6,11.8,16.9,3.9,11.8,79.4,0.097,100,28.8,17.1,10.0,236.4,9,1,0
2024-05-07,16.3,7.7,12.3,16.3,7.7,12.2,82.4,0.0,0,30.3,15.7,36.5,222.5,9,0,0
2024-05-08,15.9,9.5,12.9,15.9,8.7,12.8,79.3,0.0,0,29.5,17.1,78.7,186.4,9,0,0
2024-05-09,16.7,5.9,12.0,16.7,5.9,12.0,82.7,0.0,0,21.6,14.0,54.7,203.7,9,0,0
2024-05-10,16.6,6.8,12.2,16.6,6.8,12.2,86.0,0.0,0,27.3,14.4,18.4,268.5,8,0,0
2024-05-11,20.2,11.0,14.8,20.2,11.0,14.8,75.1,0.0,0,37.0,21.1,39.2,282.8,8,0,0
2024-05-12,22.8,11.0,17.1,22.8,11.0,17.1,66.2,0.0,0,41.9,23.2,1.6,282.4,8,0,0
2024-05-13,26.8,13.0,20.1,26.8,13.0,20.1,58.7,0.0,0,35.0,19.5,4.6,261.5,8,0,0
2024-05-14,26.8,15.1,21.2,26.4,15.1,21.2,49.3,0.003,100,48.9,26.3,0.5,285.2,8,1,0
2024-05-15,25.1,15.1,20.3,25.1,15.1,20.3,48.8,0.0,0,46.8,22.7,1.5,268.1,8,0,0
2024-05-16,23.9,11.6,17.8,23.9,11.6,17.8,70.1,0.715,100,48.3,22.6,20.6,158.8,7,1,0
2024-05-17,22.8,11.8,17.7,22.8,11.8,17.7,75.4,1.811,100,35.5,20.5,14.6,199.4,8,1,0
2024-05-18,22.7,13.1,18.1,22.7,13.1,18.1,64.0,0.003,100,34.5,19.2,3.1,220.0,8,1,0
2024-05-19,21.6,11.6,17.1,21.6,11.6,17.1,69.3,0.112,100,43.2,24.5,3.9,254.8,8,1,0
2024-05-20,19.9,12.5,15.9,19.9,12.5,15.9,85.0,16.684,100,41.1,14.1,25.7,112.4,5,1,0
2024-05-21,23.6,12.5,18.5,23.6,12.5,18.5,77.7,0.055,100,43.7,26.2,12.9,215.3,8,1,0
2024-05-22,18.7,15.3,16.8,18.7,15.3,16.8,83.5,2.906,100,44.2,22.1,66.7,110.1,5,1,0
2024-05-23,18.8,10.8,15.2,18.8,10.8,15.2,80.5,0.012,100,38.2,21.9,54.5,113.5,4,1,0
2024-05-24,21.7,8.7,16.0,21.7,8.7,16.0,79.6,0.676,100,42.2,19.9,22.1,182.8,8,1,0
2024-05-25,19.6,13.5,16.2,19.6,13.5,16.2,87.9,11.861,100,39.1,16.4,61.2,170.8,8,1,0
2024-05-26,22.9,9.6,16.5,22.9,9.6,16.5,80.2,0.338,100,58.1,18.0,9.3,240.9,9,1,0
2024-05-27,19.6,12.2,15.5,19.6,12.2,15.5,77.0,1.826,100,36.0,20.9,40.7,189.9,10,1,0
2024-05-28,18.7,10.5,14.4,18.7,10.5,14.4,80.1,9.979,100,39.6,25.0,53.7,206.2,6,1,0
2024-05-29,17.7,11.6,15.0,17.7,11.6,15.0,87.3,27.404,100,45.3,23.7,68.8,132.5,8,1,0
2024-05-30,17.1,9.9,14.4,17.1,9.3,14.4,84.4,1.054,100,33.4,12.3,32.5,151.3,9,1,0
2024-05-31,18.5,8.1,14.2,18.5,8.1,14.2,87.2,0.205,100,44.2,23.3,57.6,132.3,6,1,0
2024-06-01,19.7,14.1,16.3,19.7,14.1,16.3,89.8,0.278,100,51.4,23.3,100.0,79.0,3,1,0
2024-06-02,15.8,13.1,14.3,15.8,13.1,14.3,73.8,0.0,0,51.4,23.6,99.3,160.4,10,0,0
2024-06-03,16.7,12.2,14.1,16.7,12.2,14.1,78.4,0.023,100,37.0,15.4,98.4,119.5,10,1,0
2024-06-04,19.6,13.2,16.2,19.6,13.2,16.2,82.7,1.327,100,40.6,22.4,65.9,134.3,9,1,0
2024-06-05,16.6,10.3,13.5,16.6,10.3,13.5,68.9,6.342,100,62.7,24.8,38.0,242.1,10,1,0
2024-06-06,15.9,7.6,11.9,15.9,5.9,11.4,73.3,0.075,100,41.6,20.0,11.7,109.2,5,1,0
2024-06-07,16.9,6.7,12.2,16.9,6.7,12.1,76.2,0.703,100,42.2,20.1,17.9,184.3,8,1,0
2024-06-08,17.5,8.1,12.7,17.5,6.1,12.5,79.5,1.776,100,51.4,29.6,30.5,125.8,7,1,0
2024-06-09,15.5,6.1,11.5,15.5,4.0,10.8,75.9,0.294,100,53.0,29.5,46.9,154.2,9,1,0
2024-06-10,12.2,9.3,10.8,12.2,6.0,10.4,90.4,30.333,100,61.7,26.1,72.7,40.7,1,1,0
2024-06-11,14.2,8.6,11.8,14.2,5.9,11.2,79.2,14.263,100,61.7,28.1,66.3,144.2,9,1,0
2024-06-12,14.0,7.8,10.9,14.0,5.6,10.3,80.5,1.817,100,47.3,23.2,45.0,139.8,5,1,0
2024-06-13,17.6,6.9,12.5,17.6,5.0,12.0,77.6,1.027,100,46.3,19.1,21.5,133.7,9,1,0
2024-06-14,16.9,12.1,14.7,16.9,12.1,14.7,78.8,1.557,100,43.7,25.7,39.9,82.4,2,1,0
2024-06-15,18.1,13.1,14.6,18.1,13.1,14.6,82.9,6.908,100,58.6,37.4,54.3,194.0,10,1,0
2024-06-16,17.8,12.1,14.1,17.8,12.1,14.1,82.7,4.902,100,48.3,23.9,39.1,155.5,8,1,0
2024-06-17,20.7,10.9,16.1,20.7,10.9,16.1,76.2,0.497,100,38.6,24.8,29.4,289.8,9,1,0
2024-06-18,19.9,8.6,15.0,19.9,8.6,15.0,80.6,0.059,100,24.2,11.3,11.9,139.6,7,1,0
2024-06-19,17.9,11.2,14.8,17.9,11.2,14.8,75.5,0.091,100,32.4,18.2,40.5,223.9,10,1,0
2024-06-20,20.4,6.7,14.2,20.4,6.7,14.2,76.7,0.008,100,31.4,20.6,13.0,218.3,9,1,0
2024-06-21,17.8,12.5,15.4,17.8,12.5,15.4,88.6,2.954,100,30.9,14.8,79.2,58.3,2,1,0
2024-06-22,21.5,13.2,16.9,21.5,13.2,16.9,80.9,0.482,100,41.7,26.8,53.9,196.5,10,1,0
2024-06-23,23.4,10.8,17.6,23.4,10.8,17.6,76.3,0.0,0,29.3,17.3,19.9,266.1,10,0,0
2024-06-24,22.6,10.7,17.7,22.6,10.7,17.7,76.1,0.008,100,25.7,16.6,19.2,243.7,8,1,0
2024-06-25,26.3,13.3,20.5,26.3,13.3,20.5,74.3,0.0,0,32.9,19.3,5.7,289.7,9,0,0
2024-06-26,27.4,16.5,22.6,28.0,16.5,22.6,70.5,0.0,0,33.9,18.4,2.0,304.8,9,0,0
2024-06-27,28.6,17.4,23.5,29.2,17.4,23.7,69.5,0.0,0,38.6,22.8,4.7,285.9,9,0,0
2024-06-28,20.7,12.9,18.1,20.7,12.9,18.1,71.0,0.0,0,50.9,30.9,35.1,240.4,10,0,0
2024-06-29,23.5,9.9,17.4,23.5,9.9,17.4,70.6,0.0,0,36.0,21.1,10.7,276.0,9,0,0
2024-06-30,20.8,15.3,18.1,20.8,15.3,18.1,73.4,0.083,100,38.2,22.1,41.8,248.6,9,1,0
2024-07-01,17.2,13.4,15.5,17.2,13.4,15.5,82.3,8.736,100,44.7,22.1,55.3,153.9,6,1,0
2024-07-02,15.9,12.4,14.3,15.9,12.4,14.3,83.8,2.4,100,45.8,24.9,92.8,94.3,4,1,0
2024-07-03,15.0,11.5,13.6,15.0,11.5,13.6,81.8,2.179,100,42.2,26.0,48.5,101.7,4,1,0
2024-07-04,17.8,11.6,15.3,17.8,11.6,15.3,70.7,3.784,100,54.5,31.9,53.7,226.0,9,1,0
2024-07-05,17.9,12.3,15.0,17.9,12.3,15.0,83.2,1.167,100,52.6,30.5,57.5,102.8,4,1,0
2024-07-06,20.7,12.4,16.8,20.7,12.4,16.8,81.5,9.653,100,85.4,47.4,73.6,184.1,7,1,0
2024-07-07,19.4,11.3,14.4,19.4,11.3,14.4,80.3,3.747,100,63.8,27.0,24.7,204.3,9,1,0
2024-07-08,19.8,12.2,16.5,19.8,12.2,16.5,76.2,0.461,100,34.6,19.2,29.7,172.9,9,1,0
2024-07-09,26.8,15.1,20.8,27.5,15.1,20.9,71.3,0.093,100,31.9,15.7,11.0,214.5,7,1,0
2024-07-10,23.0,14.8,19.5,23.0,14.8,19.5,84.3,21.42,100,48.9,21.7,65.7,112.8,5,1,0
2024-07-11,20.8,12.7,17.3,20.8,12.7,17.3,78.9,0.293,100,36.5,22.4,33.5,174.5,7,1,0
2024-07-12,17.1,13.3,14.6,17.1,13.3,14.6,89.2,36.437,100,50.9,28.4,81.8,41.1,2,1,0
2024-07-13,18.0,13.0,15.3,18.0,13.0,15.3,90.5,25.677,100,46.3,30.9,85.3,121.3,7,1,0
2024-07-14,19.8,13.1,16.1,19.8,13.1,16.1,78.1,1.032,100,61.2,33.3,57.0,131.4,4,1,0
2024-07-15,23.3,11.7,18.0,23.3,11.7,18.0,75.3,0.003,100,37.0,22.5,18.8,172.5,6,1,0
2024-07-16,20.9,16.1,18.2,20.9,16.1,18.2,83.0,8.144,100,50.4,28.5,68.4,161.1,8,1,0
2024-07-17,21.5,14.3,17.5,21.5,14.3,17.5,82.8,3.335,100,42.2,28.6,76.7,135.1,6,1,0
2024-07-18,24.5,14.0,18.9,24.5,14.0,18.9,79.5,0.0,0,21.6,13.2,42.5,205.6,7,0,0
2024-07-19,27.1,15.1,21.5,27.4,15.1,21.5,73.6,0.0,0,25.2,14.6,2.7,231.8,7,0,0
2024-07-20,29.1,16.0,23.3,29.8,16.0,23.5,70.3,0.0,0,29.4,14.8,0.9,244.6,7,0,0
2024-07-21,25.7,17.4,21.3,25.7,17.4,21.3,83.9,3.139,100,39.2,15.2,36.5,101.6,7,1,0
2024-07-22,22.7,15.4,19.1,22.7,15.4,19.1,74.0,0.609,100,35.0,17.1,59.1,183.8,8,1,0
2024-07-23,23.3,16.1,19.5,23.3,16.1,19.5,82.2,1.918,100,36.0,22.4,69.9,94.7,4,1,0
2024-07-24,19.8,11.7,16.9,19.8,11.7,16.9,75.9,0.092,100,37.0,17.3,29.6,174.0,6,1,0
2024-07-25,22.7,8.9,16.6,22.7,8.9,16.6,81.1,0.066,100,38.6,18.8,35.6,126.0,7,1,0
2024-07-26,21.8,13.9,19.0,21.8,13.9,19.0,83.4,2.142,100,35.5,20.6,67.0,154.1,6,1,0
2024-07-27,23.6,10.6,17.6,23.6,10.6,17.6,76.2,0.018,100,25.2,16.5,7.5,165.7,8,1,0
2024-07-28,21.7,13.7,17.9,21.7,13.7,17.9,76.5,0.286,100,32.4,18.7,18.7,241.5,8,1,0
2024-07-29,23.8,9.6,17.5,23.8,9.6,17.5,73.3,0.0,0,25.4,11.1,0.6,261.0,8,0,0
2024-07-30,26.7,13.3,20.3,26.9,13.3,20.3,68.9,0.0,0,26.7,16.6,2.0,244.9,7,0,0
2024-07-31,24.5,12.3,19.1,24.5,12.3,19.1,77.0,0.0,0,32.9,17.5,2.0,245.9,7,0,0
2024-08-01,21.7,12.7,17.3,21.7,12.7,17.3,77.1,0.0,0,36.5,19.2,6.1,155.3,5,0,0
2024-08-02,23.7,11.2,18.2,23.7,11.2,18.2,71.6,0.012,100,35.0,11.8,6.7,235.5,8,1,0
2024-08-03,24.0,14.4,19.6,24.0,14.4,19.6,80.0,1.86,100,39.1,21.2,38.1,145.0,5,1,0
2024-08-04,20.7,15.2,18.2,20.7,15.2,18.2,73.9,1.338,100,43.2,19.5,43.8,171.2,7,1,0
2024-08-05,23.9,14.5,19.1,23.9,14.5,19.1,73.7,0.0,0,27.3,11.5,13.2,199.5,7,0,0
2024-08-06,27.9,13.6,21.2,27.9,13.6,21.2,70.9,0.0,0,23.7,11.3,1.7,245.7,8,0,0
2024-08-07,23.4,12.9,19.1,23.4,12.9,19.1,77.4,0.452,100,37.0,19.4,40.6,127.8,5,1,0
2024-08-08,23.8,12.0,18.8,23.8,12.0,18.8,72.3,0.009,100,36.7,17.6,19.0,150.0,5,1,0
2024-08-09,21.9,15.4,19.2,21.9,15.4,19.2,79.3,2.651,100,56.6,27.8,70.0,89.7,5,1,0
2024-08-10,23.7,13.7,18.9,23.7,13.7,18.9,75.4,0.079,100,45.3,26.1,27.6,203.8,8,1,0
2024-08-11,24.6,13.0,18.5,24.6,13.0,18.5,78.3,0.0,0,28.8,16.9,25.6,186.1,8,0,0
2024-08-12,27.8,13.0,20.6,28.1,13.0,20.7,69.2,0.0,0,37.1,20.5,0.0,258.4,7,0,0
2024-08-13,32.3,19.1,24.7,36.2,19.1,26.0,73.8,0.337,100,55.1,21.4,8.5,227.4,7,1,0
2024-08-14,25.1,18.3,21.1,25.1,18.3,21.1,90.0,16.159,100,55.1,11.9,47.0,130.4,8,1,0
2024-08-15,24.8,17.3,20.6,24.8,17.3,20.6,84.3,0.295,100,44.2,25.7,52.9,169.8,8,1,0
2024-08-16,21.7,15.4,19.2,21.7,15.4,19.2,82.8,5.603,100,36.0,20.0,87.0,103.4,5,1,0
2024-08-17,21.9,13.4,17.5,21.9,13.4,17.5,73.1,0.069,100,23.7,10.5,37.2,213.2,7,1,0
2024-08-18,21.9,13.3,17.2,21.9,13.3,17.2,75.0,0.0,0,29.3,18.1,19.4,141.8,6,0,0
2024-08-19,22.0,9.5,16.6,22.0,9.5,16.6,74.2,0.0,0,29.3,16.4,24.2,170.3,8,0,0
2024-08-20,23.7,15.2,18.5,23.7,15.2,18.5,79.0,2.506,100,46.8,22.4,43.6,158.7,7,1,0
2024-08-21,18.9,12.5,15.8,18.9,12.5,15.8,75.7,9.095,100,54.5,30.2,31.9,153.8,6,1,0
2024-08-22,21.9,14.0,17.5,21.9,14.0,17.5,69.4,0.023,100,63.7,36.4,46.3,105.1,4,1,0
2024-08-23,21.6,12.6,18.7,21.6,12.6,18.7,73.2,0.368,100,72.5,40.5,69.2,99.7,5,1,0
2024-08-24,26.7,12.4,18.2,26.7,12.4,18.2,84.1,10.244,100,81.3,29.4,43.2,94.9,4,1,0
2024-08-25,19.8,13.5,16.6,19.8,13.5,16.6,75.4,3.297,100,50.9,27.8,35.0,160.7,7,1,0
2024-08-26,20.8,13.1,16.4,20.8,13.1,16.4,79.2,0.217,100,43.7,23.7,24.5,147.2,7,1,0
2024-08-27,23.9,12.3,17.8,23.9,12.3,17.8,75.0,0.0,0,32.4,19.7,9.3,201.3,7,0,0
2024-08-28,28.0,12.3,20.1,28.3,12.3,20.2,74.0,0.0,0,33.4,14.4,0.3,221.0,7,0,0
2024-08-29,26.5,14.0,20.0,26.5,14.0,20.0,81.5,0.0,0,31.9,22.3,10.8,170.6,6,0,0
2024-08-30,21.8,11.8,16.5,21.8,11.8,16.5,77.0,0.0,0,30.3,15.7,13.5,212.8,7,0,0
2024-08-31,20.7,12.5,16.5,20.7,12.5,16.5,72.6,0.0,0,46.3,26.0,2.8,209.4,7,0,0
2024-09-01,25.8,13.5,19.4,25.8,13.5,19.4,70.6,0.0,0,43.7,25.5,0.8,195.1,6,0,0
2024-09-02,27.7,16.0,21.3,29.3,16.0,21.5,74.9,0.187,100,48.9,20.0,16.8,165.9,6,1,0
2024-09-03,24.8,17.2,21.0,24.8,17.2,21.0,85.8,16.484,100,47.9,18.8,26.2,123.6,5,1,0
2024-09-04,19.3,17.2,18.1,19.3,17.2,18.1,92.6,8.111,100,21.1,8.0,70.7,36.5,1,1,0
2024-09-05,27.7,16.5,22.0,28.7,16.5,22.2,78.4,0.108,100,46.8,25.4,39.4,162.1,5,1,0
2024-09-06,26.5,18.3,21.7,26.5,18.3,21.7,66.5,0.051,100,44.2,24.8,5.7,149.2,6,1,0
2024-09-07,25.0,15.5,20.3,25.0,15.5,20.3,80.4,0.053,100,29.8,11.1,5.6,149.6,7,1,0
2024-09-08,23.8,13.7,19.6,23.8,13.7,19.6,78.8,0.0,0,32.4,20.4,10.8,136.0,6,0,0
2024-09-09,21.6,10.8,15.9,21.6,10.8,15.9,82.9,0.228,100,55.0,23.8,34.0,118.7,7,1,0
2024-09-10,17.8,10.3,14.1,17.8,10.3,14.1,83.1,5.371,100,59.7,33.4,63.4,55.5,2,1,0
2024-09-11,13.9,7.7,10.5,13.9,5.8,9.8,87.5,30.046,100,65.3,28.1,40.9,92.3,4,1,0
2024-09-12,14.9,5.1,9.9,14.9,3.1,9.1,84.3,1.638,100,30.9,14.9,21.1,107.5,4,1,0
2024-09-13,16.0,5.6,11.6,16.0,4.7,11.3,78.5,2.182,100,42.1,24.0,42.7,138.4,6,1,0
2024-09-14,17.6,5.6,11.7,17.6,5.6,11.4,74.4,1.117,100,28.8,15.1,26.2,152.3,5,1,0
2024-09-15,19.7,6.2,13.2,19.7,6.0,13.1,83.8,0.0,0,28.8,12.8,48.9,122.1,6,0,0
2024-09-16,19.0,11.0,14.9,19.0,11.0,14.9,87.1,0.416,100,39.6,22.1,35.0,111.0,6,1,0
2024-09-17,19.7,15.2,16.8,19.7,15.2,16.8,82.4,0.0,0,40.1,23.9,51.0,138.5,5,0,0
2024-09-18,20.6,12.6,16.1,20.6,12.6,16.1,88.7,0.0,0,37.0,20.7,14.2,156.9,6,0,0
2024-09-19,19.0,13.3,15.7,19.0,13.3,15.7,91.6,0.009,100,35.0,20.5,37.8,126.2,5,1,0
2024-09-20,22.6,13.7,17.4,22.6,13.7,17.4,76.7,0.075,100,43.2,26.3,2.1,155.0,5,1,0
2024-09-21,22.7,10.8,16.0,22.7,10.8,16.0,72.9,0.0,0,30.3,15.8,2.1,157.5,6,0,0
2024-09-22,23.5,8.7,15.6,23.5,8.7,15.5,82.7,0.0,0,18.0,9.2,1.3,152.7,6,0,0
2024-09-23,20.8,10.6,15.8,20.8,10.6,15.8,86.4,0.004,100,30.3,18.0,18.5,94.9,4,1,0
2024-09-24,18.8,11.2,14.7,18.8,11.2,14.7,85.4,1.016,100,41.1,23.7,43.6,112.1,4,1,0
2024-09-25,15.9,10.9,13.5,15.9,10.9,13.5,89.5,2.966,100,41.1,18.0,54.6,55.3,3,1,0
2024-09-26,18.7,13.1,15.5,18.7,13.1,15.5,88.0,8.823,100,66.9,35.7,60.2,84.8,4,1,0
2024-09-27,14.1,11.4,13.2,14.1,11.4,13.2,80.0,6.547,100,94.6,47.9,73.1,34.8,2,1,0
2024-09-28,13.5,7.0,10.3,13.5,4.7,9.5,78.6,3.569,100,67.4,26.1,43.9,112.2,7,1,0
2024-09-29,15.7,4.1,9.8,15.7,2.0,9.0,79.4,0.122,100,38.5,16.2,12.7,126.2,5,1,0
2024-09-30,14.1,8.1,10.7,14.1,5.2,9.7,79.1,2.635,100,52.5,26.9,38.5,107.8,5,1,0
2024-10-01,14.3,12.8,13.3,14.3,12.8,13.3,93.8,9.693,100,52.5,16.4,96.4,47.5,2,1,0
2024-10-02,13.9,7.7,11.4,13.9,6.2,11.3,81.7,0.889,100,53.0,33.3,69.2,67.1,3,1,0
2024-10-03,14.9,3.5,8.9,14.9,3.2,8.4,80.6,0.0,0,37.5,25.4,12.7,100.6,4,0,0
2024-10-04,14.9,2.0,8.2,14.9,2.0,8.1,84.0,0.0,0,19.3,13.7,13.1,119.8,6,0,0
2024-10-05,15.0,1.7,7.8,15.0,1.7,7.6,84.6,0.0,0,25.2,12.6,8.6,131.4,5,0,0
2024-10-06,14.9,5.3,9.6,14.9,3.0,8.5,82.6,0.0,0,43.2,19.2,2.4,103.0,4,0,0
2024-10-07,18.0,10.0,13.5,18.0,8.0,13.4,85.1,0.261,100,42.1,26.7,57.3,103.5,5,1,0
2024-10-08,17.9,12.1,15.2,17.9,12.1,15.2,85.8,0.388,100,41.7,25.0,55.9,73.7,4,1,0
2024-10-09,16.2,11.4,14.1,16.2,11.4,14.1,86.5,1.811,100,39.6,24.0,55.6,53.2,3,1,0
2024-10-10,13.1,6.9,11.5,13.1,4.8,11.0,83.9,2.846,100,63.8,30.7,66.8,55.2,2,1,0
2024-10-11,12.9,3.4,7.8,12.9,0.2,6.3,78.5,0.988,100,49.3,23.8,24.8,90.1,4,1,0
2024-10-12,11.2,2.8,7.6,11.2,0.9,6.9,86.4,0.0,0,42.2,24.4,7.0,59.0,3,0,0
2024-10-13,12.9,7.7,9.9,12.9,4.7,8.3,79.3,8.671,100,74.6,36.9,30.7,87.8,4,1,0
2024-10-14,12.0,2.8,7.9,12.0,2.8,7.4,86.6,0.038,100,38.0,12.1,17.6,48.6,3,1,0
2024-10-15,13.0,0.9,6.7,13.0,-1.4,6.0,84.1,0.0,0,41.7,21.3,1.9,96.2,4,0,0
2024-10-16,16.8,8.0,11.6,16.8,4.9,10.4,79.8,0.0,0,45.3,22.1,3.7,66.3,4,0,0
2024-10-17,17.9,11.8,14.6,17.9,11.8,14.6,88.8,0.269,100,41.7,16.9,49.7,28.7,2,1,0
2024-10-18,20.4,11.6,15.5,20.4,11.6,15.5,93.5,1.756,100,21.6,11.8,63.6,84.0,4,1,0
2024-10-19,14.8,13.0,13.8,14.8,13.0,13.8,97.0,3.386,100,25.2,14.4,83.8,15.2,1,1,0
2024-10-20,16.9,12.9,14.6,16.9,12.9,14.6,84.3,0.052,100,56.6,28.5,88.6,39.5,2,1,0
2024-10-21,16.9,12.1,14.0,16.9,12.1,14.0,87.1,0.377,100,56.6,30.8,61.4,26.2,1,1,0
2024-10-22,15.1,6.9,11.5,15.1,4.7,11.1,87.5,10.863,100,43.2,24.5,47.8,64.8,4,1,0
2024-10-23,13.1,5.9,10.2,13.1,5.9,9.9,96.2,0.149,100,27.3,16.4,79.8,67.5,4,1,0
2024-10-24,14.0,7.0,10.0,14.0,4.9,9.3,93.2,0.075,100,25.7,13.8,32.3,88.0,4,1,0
2024-10-25,15.9,8.8,12.3,15.9,8.7,12.3,93.0,0.195,100,23.1,14.6,67.9,51.4,4,1,0
2024-10-26,18.0,8.4,12.8,18.0,7.6,12.7,92.6,0.019,100,22.3,10.3,35.2,74.2,4,1,0
2024-10-27,15.8,6.0,12.3,15.8,6.0,12.2,90.4,0.287,100,34.5,20.4,65.3,53.4,5,1,0
2024-10-28,13.9,7.7,11.6,13.9,6.8,11.2,96.7,1.574,100,43.7,27.4,67.1,14.6,1,1,0
2024-10-29,15.0,12.3,13.6,15.0,12.3,13.6,97.3,4.592,100,29.3,16.9,93.6,25.6,1,1,0
2024-10-30,14.0,11.1,12.6,14.0,11.1,12.6,95.0,0.877,100,27.8,10.5,98.0,27.3,1,1,0
2024-10-31,14.0,11.3,12.7,14.0,11.3,12.7,87.3,0.0,0,36.5,22.0,99.9,28.5,1,0,0
2024-11-01,13.8,11.3,12.6,13.8,11.3,12.6,90.7,0.032,100,41.7,22.1,97.2,14.2,1,1,0
2024-11-02,12.0,2.0,8.9,12.0,2.0,8.9,79.8,0.592,100,36.5,14.4,69.1,40.7,2,1,0
2024-11-03,10.2,-0.1,4.3,10.2,-0.8,4.2,89.4,0.0,0,14.4,7.0,1.1,74.3,3,0,0
2024-11-04,10.2,1.7,7.4,10.2,1.3,6.6,95.0,0.0,0,30.9,16.7,82.4,15.1,1,0,0
2024-11-05,8.8,5.1,6.3,8.0,2.9,4.4,95.5,0.0,0,30.9,13.9,56.5,43.4,3,0,0
2024-11-06,7.8,4.2,6.0,7.8,2.4,5.5,97.5,0.0,0,16.5,9.6,99.6,13.9,1,0,0
2024-11-07,7.0,4.1,5.4,6.2,0.9,3.3,98.1,0.006,100,27.3,13.4,99.6,10.6,1,1,0
2024-11-08,6.0,3.2,4.4,3.8,-0.7,1.3,93.0,0.0,0,37.5,18.1,100.0,8.2,0,0,0
2024-11-09,7.1,5.9,6.5,6.3,3.4,4.6,93.1,0.0,0,27.3,11.9,99.6,9.4,1,0,0
2024-11-10,9.1,6.2,7.9,7.9,4.2,6.3,95.6,0.075,100,23.7,11.5,99.2,10.8,1,1,0
2024-11-11,10.8,8.2,9.6,10.8,5.4,8.4,91.7,12.162,100,62.7,29.7,85.8,19.5,2,1,0
2024-11-12,10.0,4.7,8.5,10.0,4.1,7.2,89.7,1.135,100,57.1,18.0,45.7,28.8,1,1,0
2024-11-13,12.6,4.7,9.1,12.6,4.4,8.8,92.6,0.077,100,32.4,16.7,83.7,24.9,2,1,0
2024-11-14,11.0,9.4,10.2,11.0,7.7,10.1,87.4,0.379,100,37.0,20.4,93.8,15.0,1,1,0
2024-11-15,10.1,9.1,9.4,10.1,6.5,8.1,88.3,0.022,100,30.3,17.0,100.0,14.0,1,1,0
2024-11-16,9.1,6.9,8.6,6.9,4.2,5.6,92.6,1.25,100,41.7,25.5,92.0,7.1,0,1,0
2024-11-17,8.6,3.6,6.3,5.6,0.0,2.9,87.0,4.332,100,64.3,24.9,53.5,25.8,2,1,0
2024-11-18,7.8,0.5,3.8,5.6,-1.8,0.7,86.1,8.511,100,45.7,22.4,62.8,44.0,3,1,1
2024-11-19,3.9,0.1,2.5,3.0,-4.5,-0.3,92.6,7.114,100,29.9,20.6,88.6,17.3,1,1,1
2024-11-20,4.0,0.2,2.0,-0.3,-3.3,-1.7,93.2,6.738,100,46.8,25.4,79.6,9.4,1,1,1
2024-11-21,2.9,0.2,1.2,-1.1,-4.7,-3.3,94.2,16.183,100,43.6,29.3,88.9,10.5,2,1,1
2024-11-22,5.0,-1.6,1.8,1.2,-6.0,-2.7,88.9,15.905,100,63.7,34.3,57.3,20.0,2,1,1
2024-11-23,6.7,-0.8,3.3,1.9,-5.4,-1.3,88.8,1.575,100,63.8,35.6,57.7,18.5,1,1,1
2024-11-24,15.8,7.7,12.9,15.8,3.5,12.2,74.4,11.792,100,65.8,37.6,29.4,26.7,2,1,0
2024-11-25,15.8,8.1,12.3,15.8,5.5,11.4,80.4,2.037,100,67.4,34.8,54.1,6.0,0,1,0
2024-11-26,8.8,2.7,6.4,6.0,-0.4,3.1,92.1,3.646,100,43.7,26.9,29.4,17.0,1,1,0
2024-11-27,10.0,3.0,6.0,6.3,0.1,2.6,96.3,22.892,100,94.2,55.1,89.1,2.4,0,1,0
2024-11-28,8.9,3.0,6.6,5.7,0.8,3.6,86.9,2.343,100,96.7,39.6,78.9,19.5,1,1,0
2024-11-29,7.9,1.8,4.1,5.3,-1.2,2.2,89.6,0.03,100,27.8,16.1,49.7,29.2,2,1,0
2024-11-30,5.9,0.3,3.0,3.6,-3.6,-0.4,84.7,0.0,0,33.4,18.7,23.3,25.3,1,0,0
2024-12-01,6.9,2.1,5.4,4.3,-1.1,2.6,76.3,0.383,100,39.6,22.4,72.4,36.5,2,1,0
2024-12-02,10.8,6.8,8.8,10.8,3.3,6.5,96.1,3.25,100,42.2,22.4,91.0,8.8,1,1,0
2024-12-03,7.1,2.7,6.0,5.1,1.0,3.1,88.5,2.513,100,57.1,20.3,71.6,17.7,1,1,0
2024-12-04,6.8,1.3,3.6,4.6,-1.8,1.4,93.7,2.743,100,29.8,11.4,47.4,27.8,2,1,0
2024-12-05,7.8,2.1,5.0,4.1,-1.2,0.9,95.1,7.617,100,54.5,32.3,82.3,4.8,0,1,0
2024-12-06,9.9,6.4,8.5,6.3,3.3,4.9,88.8,19.58,100,86.9,44.5,95.4,11.5,1,1,0
2024-12-07,9.8,5.1,7.2,7.2,0.9,3.9,87.9,3.316,100,51.5,28.3,77.3,13.6,1,1,0
2024-12-08,7.0,5.2,6.1,4.0,1.7,2.6,91.0,0.586,100,49.9,24.8,79.6,16.6,2,1,0
2024-12-09,6.9,5.1,6.0,2.5,0.6,1.7,83.5,0.243,100,62.2,32.3,89.2,6.1,0,1,0
2024-12-10,5.1,4.1,4.8,1.1,-0.2,0.6,83.6,0.012,100,53.0,28.0,100.0,6.3,0,1,0
2024-12-11,4.3,3.2,3.9,4.2,-0.1,1.5,87.6,0.032,100,35.0,15.3,100.0,13.0,1,1,0
2024-12-12,5.1,3.1,4.6,3.9,0.4,2.3,89.2,0.159,100,25.7,13.2,100.0,4.5,0,1,0
2024-12-13,3.2,0.3,2.2,0.4,-4.3,-1.1,90.2,0.003,100,28.8,16.4,100.0,4.1,0,1,0
2024-12-14,6.0,0.2,3.1,3.6,-4.2,-0.9,94.2,0.258,100,44.2,22.4,78.8,9.3,1,1,0
2024-12-15,10.9,2.7,7.4,10.9,-1.0,4.6,94.0,0.612,100,55.5,30.2,81.8,4.6,0,1,0
2024-12-16,10.9,9.0,10.2,10.9,5.5,9.1,85.4,0.047,100,64.8,32.8,87.6,7.1,0,1,0
2024-12-17,9.1,7.2,8.2,6.1,3.7,5.1,91.8,0.0,0,54.5,25.7,60.1,13.4,1,0,0
2024-12-18,12.1,7.0,9.6,12.1,2.9,7.4,89.1,0.538,100,75.6,45.9,87.8,4.2,0,1,0
2024-12-19,12.0,5.2,8.3,12.0,1.3,5.9,88.5,16.232,100,72.0,37.7,76.6,6.5,0,1,0
2024-12-20,7.0,4.4,5.5,3.4,0.3,1.7,82.5,1.278,100,72.0,29.0,56.0,23.0,2,1,0
2024-12-21,9.8,6.0,7.7,6.8,1.7,3.9,92.4,2.843,100,58.1,35.4,89.2,8.1,0,1,0
2024-12-22,8.2,2.4,4.9,5.2,-1.5,1.0,85.8,5.383,100,65.8,29.2,64.7,12.5,1,1,0
2024-12-23,7.9,2.8,5.4,4.2,-0.7,1.7,81.0,1.005,100,72.5,39.9,49.0,21.3,1,1,0
2024-12-24,6.1,-0.6,4.3,3.3,-3.6,1.1,95.4,0.218,100,40.6,23.6,67.0,8.7,1,1,0
2024-12-25,9.7,6.9,8.4,7.7,4.2,6.2,98.7,0.422,100,28.6,17.7,100.0,4.7,0,1,0
2024-12-27,5.2,0.5,2.9,5.1,-1.0,1.9,99.4,0.204,100,18.5,9.5,100.0,10.9,1,1,0
2024-12-28,1.1,-0.7,-0.1,0.4,-4.6,-3.0,98.9,0.0,0,25.7,15.0,100.0,6.9,0,0,0
2024-12-29,7.0,1.1,4.1,3.0,-2.8,0.3,98.1,0.102,100,38.6,25.7,98.4,4.6,0,1,0
2024-12-30,8.0,6.5,7.3,3.8,2.2,3.1,89.3,0.016,100,58.4,37.0,96.7,6.7,0,1,0
2024-12-31,8.0,3.0,5.6,4.4,-2.5,0.9,91.0,0.008,100,63.8,39.7,99.8,2.9,0,1,0
2025-01-01,9.0,5.2,7.7,4.3,0.1,2.8,87.6,13.504,100,85.4,55.5,97.5,3.1,0,1,0
2025-01-02,6.9,0.1,3.1,2.3,-3.5,-0.6,86.7,1.316,100,69.9,41.9,38.4,30.3,3,1,1
2025-01-03,3.3,-1.1,1.5,0.2,-5.0,-2.6,87.0,3.063,100,65.8,26.3,50.9,11.0,0,1,1
2025-01-04,2.1,-2.9,0.5,-1.4,-5.7,-3.3,95.5,1.088,100,47.8,16.5,71.1,12.1,1,1,1
2025-01-05,10.7,0.1,2.3,10.7,-4.9,-1.1,95.1,7.921,100,45.8,29.7,62.3,4.5,0,1,1
2025-01-06,11.9,4.3,9.4,11.9,-1.7,7.4,86.3,5.243,100,97.2,61.5,89.6,12.2,1,1,0
2025-01-07,4.3,2.2,3.5,-0.6,-3.0,-1.6,88.2,0.383,100,81.3,36.0,67.9,22.5,2,1,0
2025-01-08,4.9,0.7,2.5,1.2,-3.3,-1.5,86.6,1.244,100,57.1,27.6,31.3,31.4,3,1,1
2025-01-09,3.2,-0.5,1.2,1.3,-3.2,-0.9,93.5,0.614,100,57.6,22.4,46.0,22.4,2,1,1
2025-01-10,5.0,-1.9,2.3,2.0,-4.2,-1.4,91.0,1.654,100,56.5,22.1,59.2,23.0,2,1,1
2025-01-11,4.9,-3.5,0.6,2.6,-6.0,-1.5,91.2,0.395,100,40.6,15.0,47.7,37.7,3,1,1
2025-01-12,5.9,-2.2,1.3,5.9,-3.0,0.3,88.6,0.032,100,29.8,8.7,77.9,20.3,1,1,0
2025-01-13,3.8,-2.9,0.4,0.2,-5.3,-2.8,91.6,0.0,0,31.4,20.8,26.4,42.8,3,0,0
2025-01-14,6.8,-0.5,3.1,4.5,-5.2,-1.1,91.5,0.608,100,39.6,25.3,75.8,10.7,1,1,0
2025-01-15,6.9,4.1,5.9,5.8,1.1,3.9,99.2,0.03,100,32.9,13.5,91.0,13.0,1,1,0
2025-01-16,5.1,2.0,4.0,3.1,-2.0,1.1,99.6,0.085,100,27.3,17.5,99.2,6.6,0,1,0
2025-01-17,2.0,-0.7,0.7,-0.7,-3.5,-2.5,99.1,0.0,0,27.3,16.2,100.0,10.0,1,0,0
2025-01-18,-0.8,-1.9,-1.4,-0.8,-5.9,-3.9,99.4,0.0,0,20.1,11.6,92.8,16.3,1,0,0
2025-01-19,-1.1,-2.8,-2.0,-1.9,-5.0,-3.4,99.0,0.0,0,18.0,9.6,12.2,13.2,1,0,0
2025-01-20,0.2,-1.8,-0.4,-1.0,-4.5,-3.4,99.0,0.0,0,30.9,16.6,99.9,6.2,0,0,0
2025-01-21,1.2,0.0,0.4,-2.8,-4.7,-4.0,98.1,0.016,100,34.5,18.0,100.0,12.6,1,1,1
2025-01-22,4.0,-1.7,1.1,1.9,-5.3,-1.7,95.4,0.612,100,29.3,12.6,64.6,22.0,1,1,0
2025-01-23,6.0,3.1,4.7,2.0,0.2,1.0,91.2,4.332,100,53.3,29.3,87.5,31.4,3,1,0
2025-01-24,8.8,5.0,7.0,5.1,0.6,3.0,90.2,2.735,100,69.4,38.3,70.7,4.9,0,1,0
2025-01-25,7.7,0.5,5.2,4.9,-1.8,3.1,91.6,0.376,100,39.1,26.4,30.4,16.9,1,1,0
2025-01-26,5.9,0.4,2.6,3.4,-1.8,0.3,90.2,0.091,100,47.8,24.0,27.0,49.2,3,1,1
2025-01-27,10.8,3.9,7.8,10.8,-0.8,4.9,82.6,3.976,100,68.8,37.3,58.6,45.1,3,1,0
2025-01-28,9.0,5.1,7.2,6.5,1.3,3.8,82.1,0.081,100,46.8,29.7,58.0,28.9,2,1,0
2025-01-29,7.9,4.2,6.8,4.8,0.9,3.3,90.6,2.618,100,54.0,30.6,86.7,22.2,1,1,0
2025-01-30,7.0,1.6,4.3,4.7,-1.7,1.7,92.6,0.014,100,39.6,13.8,52.6,21.6,1,1,0
2025-01-31,7.0,-2.9,2.0,5.1,-5.0,-0.5,90.8,0.06,100,43.2,15.3,29.4,43.8,3,1,1
2025-02-01,5.8,-3.3,0.0,5.8,-5.3,-0.7,96.4,0.0,0,18.5,9.3,30.0,35.3,2,0,0
2025-02-03,3.9,-6.3,-1.5,1.4,-8.2,-3.1,94.5,0.0,0,22.1,13.5,22.7,38.5,2,0,0
2025-02-04,4.0,-1.3,1.8,0.1,-4.3,-2.1,93.4,0.0,0,37.0,22.0,85.4,23.2,1,0,0
2025-02-05,8.8,0.7,4.8,6.8,-1.9,1.8,91.4,0.0,0,40.1,22.5,54.6,56.6,4,0,0
2025-02-06,7.8,0.6,3.6,4.8,-2.6,1.6,92.8,0.0,0,32.4,19.2,65.1,61.9,3,0,0
2025-02-07,3.9,1.2,2.1,-1.4,-4.5,-3.2,80.8,0.0,0,56.1,33.6,84.4,34.5,3,0,0
2025-02-08,4.8,1.1,2.6,2.5,-4.3,-1.5,81.5,0.0,0,56.1,23.4,4.6,25.6,1,0,0
2025-02-09,5.1,1.2,3.1,1.3,-3.3,-0.9,83.3,0.0,0,46.3,26.8,9.1,50.8,3,0,0
2025-02-10,3.1,2.0,2.9,-1.7,-3.7,-2.3,79.0,0.0,0,53.0,30.4,64.8,25.8,1,0,0
2025-02-11,2.0,-0.1,0.8,-3.3,-6.5,-4.7,86.8,1.168,100,58.1,29.7,84.1,9.7,1,1,1
2025-02-12,1.1,-0.9,0.2,-2.2,-5.5,-3.8,89.5,6.235,100,37.5,15.6,98.7,12.5,1,1,1
2025-02-13,0.2,-3.6,-1.3,0.1,-8.3,-4.4,90.6,0.278,100,34.5,18.9,90.7,17.7,2,1,1
2025-02-14,1.0,-0.7,0.1,1.0,-2.6,-0.5,87.3,0.009,100,25.7,8.4,100.0,15.6,1,1,1
2025-02-15,1.9,-0.7,0.3,1.9,-2.8,-0.7,87.3,0.0,0,18.0,8.2,96.0,19.8,1,0,0
2025-02-16,1.2,-3.3,-1.0,-2.8,-7.4,-4.7,83.7,0.0,0,29.3,20.4,40.3,64.7,3,0,0
2025-02-17,0.9,-6.4,-3.3,-3.3,-11.0,-7.3,81.9,0.0,0,27.8,15.4,3.7,90.3,4,0,0
2025-02-18,1.1,-5.9,-2.6,-3.4,-11.1,-7.0,68.3,0.006,100,36.0,21.0,1.0,93.9,4,0,1
2025-02-19,3.2,-3.8,-0.5,-1.3,-9.3,-5.3,59.2,0.0,0,47.3,23.2,1.9,93.3,4,0,0
2025-02-20,9.6,-1.0,3.9,7.0,-5.1,0.6,75.5,0.027,100,36.0,18.8,46.7,42.4,2,1,0
2025-02-21,16.9,9.7,12.5,16.9,7.0,11.6,79.6,0.011,100,45.8,22.8,49.0,82.2,4,1,0
2025-02-22,11.8,8.7,10.5,11.8,6.3,10.0,87.7,0.703,100,36.0,19.0,47.4,23.9,1,1,0
2025-02-23,12.7,6.9,9.1,12.7,3.5,7.3,87.4,0.331,100,39.6,24.4,61.3,55.0,4,1,0
2025-02-24,10.9,8.9,10.3,10.9,6.0,9.5,85.6,4.442,100,53.5,27.8,60.3,18.0,1,1,0
2025-02-25,10.6,6.6,8.5,10.6,5.1,6.8,89.1,0.126,100,36.0,18.6,95.9,53.3,3,1,0
2025-02-26,9.9,3.9,6.3,7.9,1.3,4.2,84.7,0.006,100,28.8,19.8,68.2,99.2,5,1,0
2025-02-27,7.6,4.1,5.4,5.8,0.5,3.1,92.0,5.43,100,37.5,22.5,94.4,49.7,3,1,0
2025-02-28,6.9,2.5,4.8,4.6,0.0,2.1,88.1,0.738,100,38.1,19.1,76.8,54.0,3,1,0
2025-03-01,7.7,-0.8,2.9,6.1,-2.9,1.7,88.1,0.006,100,23.7,11.2,55.2,94.0,4,1,1
2025-03-02,9.6,-1.7,2.1,7.8,-3.8,0.3,90.4,0.0,0,25.7,16.2,44.3,116.4,5,0,0
2025-03-03,9.9,-2.9,2.3,8.2,-6.5,0.3,86.0,0.0,0,27.3,14.9,1.2,123.6,5,0,0
2025-03-04,11.7,-2.7,3.5,11.7,-5.8,2.0,85.1,0.0,0,34.5,21.0,12.2,110.6,5,0,0
2025-03-05,13.7,-0.5,5.9,13.7,-4.3,3.6,74.9,0.0,0,45.3,32.5,1.0,127.3,5,0,0
2025-03-06,15.9,-0.8,7.0,15.9,-3.8,5.8,74.4,0.0,0,32.4,18.4,0.4,128.3,5,0,0
2025-03-07,18.0,2.9,9.2,18.0,0.7,8.4,68.2,0.0,0,25.9,16.9,0.4,128.1,5,0,0
2025-03-08,17.9,1.0,9.0,17.9,-2.0,8.2,70.7,0.0,0,27.3,16.5,0.2,133.2,5,0,0
2025-03-09,16.1,3.1,8.9,16.1,0.1,7.3,67.9,0.0,0,25.2,16.8,0.9,133.9,5,0,0
2025-03-10,13.4,0.0,6.0,13.4,-0.9,5.0,82.8,0.0,0,25.2,13.8,0.6,135.2,5,0,0
2025-03-11,8.7,2.3,5.5,6.2,-0.8,2.5,85.4,0.087,100,44.2,22.1,82.6,83.3,4,1,0
2025-03-12,7.7,-1.8,3.5,4.8,-4.1,0.6,85.7,2.506,100,40.6,18.9,49.6,112.8,6,1,1
2025-03-13,6.0,-2.5,2.1,3.9,-5.9,-1.0,87.3,0.409,100,38.1,19.1,57.4,62.0,4,1,1
2025-03-14,5.7,-1.9,2.3,2.4,-3.4,-0.4,80.2,0.614,100,40.1,19.6,59.4,71.1,4,1,1
2025-03-15,6.7,-0.8,2.4,3.5,-4.5,-1.4,73.8,0.0,0,37.7,22.3,18.1,135.8,6,0,0
2025-03-16,7.7,-4.7,2.6,5.5,-4.7,0.9,85.3,0.133,100,31.9,18.7,57.2,82.3,5,1,0
2025-03-17,7.7,-0.6,3.7,4.5,-4.5,0.0,62.3,0.0,0,42.2,23.2,11.2,154.3,6,0,0
2025-03-18,9.7,-4.3,3.2,7.6,-7.3,0.3,54.4,0.0,0,33.4,18.1,0.0,172.6,6,0,0
2025-03-19,14.8,-2.4,5.7,14.8,-5.7,4.1,54.7,0.0,0,29.8,15.2,0.0,173.9,6,0,0
2025-03-20,17.2,0.4,8.4,17.2,-1.3,8.0,69.9,0.0,0,23.1,13.0,0.5,149.1,6,0,0
2025-03-21,20.6,1.5,11.0,20.6,-1.8,9.9,65.7,0.0,0,46.8,25.2,1.1,165.8,6,0,0
2025-03-22,17.9,8.1,13.2,17.9,5.1,12.6,44.8,0.0,0,71.5,36.8,2.5,161.8,6,0,0
2025-03-23,14.0,6.9,10.2,14.0,4.2,9.3,74.1,0.971,100,55.5,21.5,22.1,67.9,4,1,0
2025-03-24,13.3,6.0,9.4,13.3,3.1,8.6,87.2,0.916,100,28.8,19.0,66.3,121.2,5,1,0
2025-03-25,11.6,3.8,7.9,11.6,1.7,6.0,83.4,0.169,100,38.1,23.3,81.7,94.9,6,1,0
2025-03-26,8.9,0.9,6.7,7.0,0.9,4.6,89.2,0.333,100,36.5,19.0,75.3,55.8,3,1,0
2025-03-27,14.9,-0.9,6.6,14.9,-3.7,5.7,82.6,0.008,100,29.3,17.8,4.2,171.6,6,1,1
2025-03-28,12.9,4.1,8.5,12.9,1.3,7.1,79.9,0.044,100,38.1,21.8,28.2,158.5,7,1,0
2025-03-29,12.5,0.6,7.0,12.5,-1.2,5.5,81.7,0.19,100,36.5,17.4,18.4,154.6,6,1,1
2025-03-30,11.0,6.2,9.0,11.0,1.8,6.6,77.8,0.465,100,73.5,42.0,79.8,119.8,5,1,0
2025-03-31,10.7,5.7,8.0,10.7,3.0,5.3,77.6,0.006,100,59.7,29.3,77.3,142.4,6,1,0
2025-04-01,14.3,-0.7,6.9,14.3,-1.1,6.0,76.2,0.0,0,38.1,22.1,17.8,201.0,7,0,0
2025-04-02,16.4,3.3,9.8,16.4,0.1,8.4,65.6,0.0,0,53.0,29.0,0.0,200.5,6,0,0
2025-04-03,19.0,4.9,11.6,19.0,1.6,10.3,59.7,0.0,0,42.2,23.4,0.0,215.0,7,0,0
2025-04-04,18.3,3.6,10.8,18.3,1.2,9.8,68.6,0.0,0,39.6,24.9,0.1,212.8,7,0,0
2025-04-05,12.6,4.3,8.2,12.6,1.4,6.0,68.0,0.0,0,56.6,33.5,0.8,212.3,7,0,0
2025-04-06,11.5,0.4,6.0,11.5,-3.2,3.4,60.0,0.0,0,48.3,22.7,0.4,215.7,7,0,0
2025-04-07,12.6,-1.2,6.1,12.6,-4.0,4.6,67.8,0.0,0,32.9,22.1,0.3,217.7,7,0,0
2025-04-08,12.4,-1.3,5.5,12.4,-1.3,4.8,77.7,0.008,100,27.3,16.8,18.7,183.6,7,1,0
2025-04-09,9.7,1.4,6.5,7.1,-0.5,4.0,80.8,0.0,0,40.6,23.5,85.3,69.1,3,0,0
2025-04-10,11.6,6.3,8.6,11.6,3.8,6.7,78.8,0.0,0,40.6,18.8,81.7,128.0,6,0,0
2025-04-11,17.2,6.2,10.6,17.2,2.9,9.4,81.0,0.0,0,41.7,24.2,50.3,210.1,7,0,0
2025-04-12,21.8,2.5,12.3,21.8,2.5,12.3,67.7,0.004,100,38.1,19.9,11.9,217.6,7,1,0
2025-04-13,16.9,9.9,13.9,16.9,9.0,13.9,69.4,0.507,100,51.9,33.5,37.0,129.0,6,1,0
2025-04-14,16.4,9.0,12.2,16.4,7.0,11.7,70.3,0.039,100,29.2,17.4,36.8,104.3,4,1,0
2025-04-15,23.5,8.4,14.6,23.5,6.2,14.0,73.2,12.134,100,50.3,20.3,12.4,178.2,7,1,0
2025-04-16,13.0,9.1,11.6,13.0,9.1,11.6,90.8,5.275,100,27.3,13.8,62.2,43.7,2,1,0
2025-04-17,11.7,8.1,9.4,11.7,6.3,8.9,88.7,3.771,100,36.0,17.4,29.2,32.6,1,1,0
2025-04-18,11.7,7.3,9.4,11.7,5.5,8.2,81.4,0.107,100,30.9,15.9,38.9,122.7,5,1,0
2025-04-19,12.5,1.4,8.2,12.5,-0.4,7.2,78.7,0.0,0,36.0,15.2,27.8,244.9,7,0,0
2025-04-20,12.7,6.6,9.0,12.7,4.9,8.1,82.7,0.01,100,25.6,14.3,70.8,90.5,4,1,0
2025-04-21,12.5,3.3,8.8,12.5,3.3,8.8,93.2,3.236,100,24.7,14.9,42.4,41.9,2,1,0
2025-04-22,13.7,8.0,10.9,13.7,7.7,10.8,90.5,0.415,100,25.7,15.0,82.3,72.7,3,1,0
2025-04-23,14.6,6.3,10.5,14.6,4.9,10.1,89.0,0.772,100,40.1,22.6,43.0,73.9,2,1,0
2025-04-24,11.1,8.1,10.4,11.1,5.5,9.8,92.4,5.721,100,37.0,19.7,60.8,41.1,1,1,0
2025-04-25,11.0,4.0,8.7,11.0,2.4,7.5,85.2,0.362,100,38.6,17.7,86.2,57.2,2,1,0
2025-04-26,17.6,2.9,10.0,17.6,0.8,9.6,78.2,0.0,0,32.9,15.9,22.0,198.7,8,0,0
2025-04-27,17.8,7.1,12.5,17.8,5.1,11.9,60.2,0.0,0,26.2,13.4,0.0,259.3,8,0,0
2025-04-28,19.4,2.2,12.0,19.4,2.2,12.0,70.3,0.0,0,25.7,13.1,2.3,235.4,8,0,0
